Word,Rank,Frequency
the,1,3329
to,2,2808
and,3,2801
of,4,2570
a,5,1595
in,6,1389
was,7,1337
her,8,1204
had,9,1186
she,10,1146
i,11,1124
it,12,1038
he,13,961
be,14,950
not,15,934
that,16,882
as,17,809
for,18,707
but,19,664
his,20,659
with,21,654
you,22,628
have,23,589
at,24,533
all,25,530
anne,26,497
been,27,496
s,28,485
him,29,467
could,30,451
very,31,434
they,32,433
were,33,426
by,34,418
which,35,416
is,36,398
on,37,396
so,38,359
no,39,356
would,40,355
captain,41,303
from,42,295
their,43,293
mrs,44,291
elliot,45,289
there,46,286
or,47,274
more,48,273
them,49,270
mr,50,256
this,51,250
an,52,245
than,53,243
one,54,238
when,55,228
must,56,228
my,57,223
being,58,220
only,59,219
wentworth,60,218
lady,61,216
such,62,211
do,63,210
much,64,205
if,65,202
any,66,199
what,67,197
who,68,190
me,69,188
should,70,188
good,71,187
little,72,176
said,73,173
will,74,167
charles,75,166
might,76,166
well,77,163
own,78,163
did,79,162
herself,80,159
now,81,158
never,82,155
we,83,155
time,84,152
think,85,149
sir,86,149
russell,87,148
are,88,146
other,89,143
walter,90,141
nothing,91,139
mary,92,138
am,93,137
some,94,136
man,95,134
again,96,132
musgrove,97,130
great,98,130
too,99,128
know,100,127
how,101,125
miss,102,125
your,103,124
most,104,123
see,105,123
soon,106,122
father,107,117
though,108,117
before,109,116
two,110,114
first,111,113
quite,112,112
louisa,113,111
always,114,110
without,115,108
can,116,107
every,117,102
bath,118,101
has,119,100
into,120,98
about,121,97
after,122,96
made,123,96
long,124,95
out,125,95
himself,126,95
house,127,94
seemed,128,93
say,129,93
having,130,92
up,131,91
thought,132,90
however,133,89
elizabeth,134,89
last,135,88
go,136,88
make,137,88
may,138,87
place,139,87
better,140,87
many,141,85
young,142,84
over,143,84
same,144,84
home,145,83
found,146,83
friend,147,83
sister,148,82
room,149,82
like,150,81
family,151,80
felt,152,80
give,153,79
ever,154,78
way,155,78
away,156,78
day,157,77
uppercross,158,77
harville,159,75
feelings,160,75
come,161,75
still,162,74
done,163,74
henrietta,164,74
kellynch,165,73
sure,166,73
its,167,72
those,168,72
upon,169,72
moment,170,71
even,171,71
enough,172,71
then,173,70
benwick,174,70
off,175,69
admiral,176,69
while,177,69
back,178,69
smith,179,68
came,180,68
woman,181,67
lyme,182,67
clay,183,66
another,184,66
just,185,66
present,186,65
going,187,65
our,188,65
heard,189,65
happy,190,64
mind,191,64
something,192,64
indeed,193,63
here,194,63
party,195,62
few,196,62
down,197,61
acquaintance,198,61
knew,199,61
almost,200,60
half,201,60
rather,202,60
morning,203,59
wish,204,58
croft,205,58
seen,206,58
yet,207,58
years,208,58
once,209,57
shall,210,57
perhaps,211,57
dear,212,56
look,213,56
oh,214,56
evening,215,55
poor,216,55
between,217,55
others,218,54
together,219,54
hope,220,53
ought,221,52
these,222,52
till,223,52
saw,224,51
gone,225,51
take,226,51
where,227,51
life,228,49
known,229,49
anything,230,49
character,231,49
certainly,232,48
left,233,48
us,234,48
believe,235,48
yes,236,48
old,237,47
side,238,47
cried,239,47
short,240,47
leave,241,46
since,242,45
near,243,45
deal,244,45
wife,245,45
looking,246,45
possible,247,45
under,248,44
best,249,44
feel,250,44
interest,251,43
manner,252,43
right,253,43
everything,254,43
perfectly,255,43
each,256,43
really,257,43
cannot,258,42
does,259,42
part,260,42
heart,261,42
looked,262,42
least,263,42
whole,264,42
mother,265,42
course,266,42
next,267,42
love,268,42
sort,269,41
thing,270,41
three,271,41
name,272,41
spirits,273,41
musgroves,274,41
idea,275,40
both,276,40
nor,277,40
passed,278,40
hardly,279,40
among,280,39
hear,281,39
pleasure,282,39
people,283,39
agreeable,284,38
hayter,285,38
account,286,37
feeling,287,37
company,288,37
seeing,289,37
themselves,290,37
visit,291,37
ill,292,36
either,293,36
get,294,36
afterwards,295,36
world,296,36
walk,297,35
head,298,35
children,299,35
whom,300,35
received,301,34
wallis,302,34
change,303,34
through,304,34
general,305,34
husband,306,34
country,307,34
tell,308,33
began,309,33
glad,310,33
fine,311,33
consequence,312,33
hour,313,33
wanted,314,33
coming,315,33
given,316,33
brother,317,33
determined,318,33
brought,319,33
letter,320,33
eyes,321,33
manners,322,33
set,323,32
end,324,32
men,325,32
word,326,32
object,327,32
talked,328,32
far,329,32
happiness,330,32
gentleman,331,32
whether,332,32
towards,333,32
person,334,32
replied,335,31
answer,336,31
state,337,31
spoke,338,31
want,339,31
myself,340,31
put,341,31
shepherd,342,31
called,343,30
friends,344,30
full,345,30
conversation,346,30
went,347,30
able,348,30
less,349,30
obliged,350,30
often,351,30
understand,352,29
immediately,353,29
camden,354,29
fortune,355,29
point,356,29
talk,357,29
hours,358,29
strong,359,29
gave,360,29
thinking,361,28
cousin,362,28
bad,363,28
dalrymple,364,28
hall,365,28
walked,366,28
former,367,28
therefore,368,28
use,369,28
pretty,370,28
doing,371,28
return,372,28
wished,373,28
marriage,374,27
let,375,27
against,376,27
subject,377,27
attention,378,27
sensible,379,27
else,380,27
situation,381,27
met,382,27
returned,383,27
acquainted,384,27
year,385,27
high,386,27
used,387,26
told,388,26
new,389,26
minutes,390,26
taken,391,26
different,392,26
week,393,26
carriage,394,26
asked,395,26
longer,396,26
ladies,397,26
because,398,26
beginning,399,26
street,400,26
considered,401,26
marry,402,26
speak,403,26
early,404,26
doubt,405,26
attachment,406,25
neither,407,25
saying,408,25
circumstances,409,25
case,410,25
business,411,25
past,412,25
stay,413,25
forward,414,25
child,415,25
nature,416,25
regard,417,25
assure,418,25
likely,419,24
talking,420,24
suppose,421,24
married,422,24
morrow,423,24
crofts,424,24
days,425,24
true,426,24
worse,427,24
opinion,428,24
added,429,24
degree,430,24
night,431,24
things,432,24
taste,433,24
worth,434,24
taking,435,24
engagement,436,24
appearance,437,24
meet,438,24
eye,439,24
chapter,440,24
mean,441,23
words,442,23
door,443,23
beyond,444,23
surprise,445,23
colonel,446,23
find,447,23
frederick,448,23
daughter,449,23
satisfied,450,23
sight,451,23
making,452,23
hand,453,23
knowledge,454,22
four,455,22
excellent,456,22
equal,457,22
usual,458,22
decided,459,22
living,460,22
face,461,22
women,462,22
cottage,463,22
real,464,22
advantage,465,22
care,466,22
ready,467,22
settled,468,22
question,469,22
within,470,22
reason,471,21
believed,472,21
spoken,473,21
match,474,21
whose,475,21
sea,476,21
help,477,21
bear,478,21
particularly,479,21
anybody,480,21
kind,481,21
meeting,482,21
alone,483,21
speaking,484,21
means,485,21
matter,486,21
open,487,21
twenty,488,21
comfort,489,21
got,490,21
walking,491,21
natural,492,21
turned,493,21
appeared,494,20
hands,495,20
already,496,20
influence,497,20
why,498,20
air,499,20
rest,500,20
understood,501,20
need,502,20
understanding,503,20
call,504,20
pain,505,20
pleased,506,20
sorry,507,20
health,508,20
none,509,20
concert,510,20
lived,511,20
sometimes,512,19
giving,513,19
large,514,19
value,515,19
style,516,19
took,517,19
cousins,518,19
engaged,519,19
nobody,520,19
self,521,19
notice,522,19
supposed,523,19
conduct,524,19
dinner,525,19
voice,526,19
handsome,527,19
wonder,528,19
delighted,529,19
lost,530,18
window,531,18
probably,532,18
tone,533,18
drawing,534,18
harvilles,535,18
disposed,536,18
imagine,537,18
finding,538,18
expected,539,18
everybody,540,18
anxious,541,18
money,542,18
hoped,543,18
rooms,544,18
fellow,545,18
generally,546,18
small,547,18
serious,548,18
suffering,549,18
circumstance,550,18
also,551,18
terms,552,18
waiting,553,17
son,554,17
pride,555,17
proper,556,17
entirely,557,17
second,558,17
months,559,17
turn,560,17
view,561,17
kept,562,17
completely,563,17
warm,564,17
curiosity,565,17
observed,566,17
sisters,567,17
sense,568,17
favour,569,17
respect,570,17
hearing,571,17
meant,572,16
reached,573,16
caught,574,16
loved,575,16
ago,576,16
times,577,16
vain,578,16
meaning,579,16
history,580,16
description,581,16
nurse,582,16
seem,583,16
extremely,584,16
late,585,16
particular,586,16
common,587,16
listened,588,16
drew,589,16
perfect,590,16
farther,591,16
quiet,592,15
buildings,593,15
table,594,15
aware,595,15
attending,596,15
agreed,597,15
fact,598,15
continued,599,15
behind,600,15
kindness,601,15
trying,602,15
exactly,603,15
impossible,604,15
period,605,15
smallest,606,15
staying,607,15
remember,608,15
knowing,609,15
nearly,610,15
low,611,15
highly,612,15
profession,613,15
seat,614,15
instead,615,15
liked,616,15
answered,617,15
allowed,618,15
youth,619,15
followed,620,15
afraid,621,15
countenance,622,15
proof,623,15
round,624,15
distress,625,15
town,626,15
claims,627,15
remain,628,15
cobb,629,14
looks,630,14
besides,631,14
consciousness,632,14
breakfast,633,14
agitation,634,14
struck,635,14
sat,636,14
comfortable,637,14
friendship,638,14
honour,639,14
fully,640,14
glance,641,14
improved,642,14
instantly,643,14
live,644,14
yourself,645,14
difference,646,14
necessary,647,14
girls,648,14
neighbourhood,649,14
ashamed,650,14
trouble,651,14
yesterday,652,14
london,653,14
easy,654,14
truth,655,14
turning,656,14
evil,657,14
justice,658,14
boy,659,14
getting,660,14
keep,661,14
future,662,14
sent,663,14
introduced,664,14
property,665,14
persuaded,666,14
sit,667,14
become,668,13
became,669,13
opportunity,670,13
fair,671,13
personal,672,13
share,673,13
play,674,13
interesting,675,13
pleasant,676,13
extraordinary,677,13
sake,678,13
listen,679,13
appear,680,13
read,681,13
due,682,13
itself,683,13
heir,684,13
regret,685,13
duty,686,13
bring,687,13
inn,688,13
danger,689,13
smile,690,13
tenant,691,13
forget,692,13
dine,693,13
moments,694,13
fixed,695,13
occupied,696,13
hint,697,13
along,698,13
pity,699,13
invitation,700,13
yours,701,13
altogether,702,13
dare,703,13
severe,704,13
cold,705,13
clear,706,13
tried,707,13
especially,708,13
navy,709,13
enjoyment,710,13
mentioned,711,13
strength,712,13
admitted,713,13
society,714,13
calling,715,13
greater,716,13
power,717,13
truly,718,12
stood,719,12
six,720,12
occasion,721,12
difficulties,722,12
exceedingly,723,12
directly,724,12
remained,725,12
letters,726,12
altered,727,12
smiling,728,12
eight,729,12
board,730,12
eldest,731,12
miles,732,12
spirit,733,12
wishing,734,12
thank,735,12
placed,736,12
promised,737,12
plan,738,12
pass,739,12
certain,740,12
putting,741,12
consider,742,12
recollect,743,12
sick,744,12
around,745,12
surprised,746,12
leaving,747,12
wait,748,12
mention,749,12
carteret,750,12
temper,751,12
desirable,752,12
begun,753,12
ten,754,12
growing,755,12
five,756,12
arm,757,11
written,758,11
spend,759,11
fond,760,11
gentlemen,761,11
satisfaction,762,11
bringing,763,11
occurred,764,11
chance,765,11
school,766,11
creature,767,11
horses,768,11
rank,769,11
spite,770,11
spring,771,11
scarcely,772,11
weather,773,11
card,774,11
eager,775,11
lodgings,776,11
wishes,777,11
shut,778,11
mere,779,11
baronet,780,11
direction,781,11
dignity,782,11
considering,783,11
servant,784,11
hints,785,11
death,786,11
seems,787,11
anxiety,788,11
required,789,11
depend,790,11
intercourse,791,11
rich,792,11
instant,793,11
nice,794,11
shirley,795,11
returning,796,11
pleasing,797,11
hers,798,11
effect,799,11
silence,800,11
inclination,801,11
observe,802,11
sitting,803,11
indulgence,804,11
useful,805,11
ma,806,11
sound,807,11
elegant,808,11
happened,809,11
confidence,810,11
reply,811,11
age,812,11
resolution,813,11
silent,814,11
winthrop,815,11
declare,816,11
warmth,817,11
domestic,818,11
importance,819,11
opinions,820,11
differently,821,11
humour,822,10
charm,823,10
reach,824,10
beauty,825,10
mine,826,10
report,827,10
ended,828,10
nay,829,10
admiration,830,10
misery,831,10
produced,832,10
joined,833,10
service,834,10
continually,835,10
god,836,10
birth,837,10
daughters,838,10
evidently,839,10
happen,840,10
weeks,841,10
peace,842,10
properly,843,10
several,844,10
summer,845,10
autumn,846,10
ideas,847,10
avoid,848,10
ask,849,10
winter,850,10
amusement,851,10
wanting,852,10
connexion,853,10
seven,854,10
tenderness,855,10
girl,856,10
sooner,857,10
re,858,10
excepting,859,10
astonishment,860,10
dr,861,10
credit,862,10
promise,863,10
vanity,864,10
books,865,10
suspense,866,10
fancied,867,10
order,868,10
wrong,869,10
confess,870,10
evident,871,10
lately,872,10
constant,873,10
merely,874,10
painful,875,10
suffer,876,10
superiority,877,10
smiled,878,10
forced,879,10
actually,880,10
join,881,10
affected,882,10
begin,883,10
indifference,884,10
sentiments,885,10
opened,886,10
expect,887,10
fit,888,10
gratitude,889,10
invited,890,10
rights,891,10
mamma,892,9
possibility,893,9
admit,894,9
comprehend,895,9
solicitude,896,9
village,897,9
afford,898,9
claim,899,9
persons,900,9
companion,901,9
enquiries,902,9
absence,903,9
following,904,9
quietly,905,9
anywhere,906,9
motive,907,9
venture,908,9
blessing,909,9
mistaken,910,9
suffered,911,9
except,912,9
warmly,913,9
distance,914,9
thus,915,9
news,916,9
ah,917,9
follow,918,9
arrived,919,9
visited,920,9
indifferent,921,9
divided,922,9
ay,923,9
proved,924,9
highest,925,9
superior,926,9
contrary,927,9
suit,928,9
send,929,9
desire,930,9
thirty,931,9
safe,932,9
praise,933,9
intimate,934,9
hill,935,9
rain,936,9
attend,937,9
interval,938,9
convinced,939,9
listening,940,9
fall,941,9
war,942,9
affection,943,9
lord,944,9
complete,945,9
month,946,9
stopped,947,9
otherwise,948,9
fell,949,9
attentions,950,9
escape,951,9
november,952,9
widow,953,9
forgotten,954,9
equally,955,9
intimacy,956,9
secret,957,9
soul,958,9
quick,959,9
imagined,960,9
necessity,961,9
hard,962,9
compliments,963,9
welcome,964,9
removal,965,9
features,966,9
dress,967,9
sensations,968,9
views,969,9
entered,970,9
try,971,9
thoughts,972,9
pray,973,9
hopes,974,9
sounds,975,9
inferior,976,9
arrival,977,9
closed,978,9
excite,979,9
allow,980,9
work,981,9
pause,982,9
capable,983,9
tired,984,9
matters,985,9
cheerful,986,9
quit,987,9
dangerous,988,9
dreadful,989,9
subjects,990,9
recollection,991,9
nerves,992,9
move,993,9
recommend,994,9
possession,995,8
theirs,996,8
acknowledged,997,8
ceased,998,8
curate,999,8
minute,1000,8
body,1001,8
confusion,1002,8
setting,1003,8
acknowledge,1004,8
enjoy,1005,8
parties,1006,8
number,1007,8
spent,1008,8
civility,1009,8
changed,1010,8
lives,1011,8
gradually,1012,8
habit,1013,8
reading,1014,8
increased,1015,8
impression,1016,8
emotion,1017,8
dark,1018,8
families,1019,8
roused,1020,8
favourite,1021,8
laconia,1022,8
judgement,1023,8
reflection,1024,8
standing,1025,8
maid,1026,8
pardon,1027,8
cheeks,1028,8
picture,1029,8
shewn,1030,8
hold,1031,8
interrupted,1032,8
persuade,1033,8
event,1034,8
names,1035,8
loss,1036,8
consequently,1037,8
tolerable,1038,8
ease,1039,8
proud,1040,8
fail,1041,8
aunt,1042,8
shewed,1043,8
spot,1044,8
marrying,1045,8
recovering,1046,8
furniture,1047,8
observing,1048,8
pay,1049,8
earlier,1050,8
arms,1051,8
deep,1052,8
conviction,1053,8
circle,1054,8
scheme,1055,8
burst,1056,8
writing,1057,8
notions,1058,8
distinguished,1059,8
immediate,1060,8
beg,1061,8
convey,1062,8
purpose,1063,8
previously,1064,8
affairs,1065,8
astonished,1066,8
steps,1067,8
monkford,1068,8
public,1069,8
line,1070,8
book,1071,8
whatever,1072,8
observation,1073,8
act,1074,8
story,1075,8
law,1076,8
expression,1077,8
thousand,1078,8
greatest,1079,8
deserved,1080,8
exclaimed,1081,8
judge,1082,8
exertion,1083,8
principal,1084,8
bless,1085,8
gratification,1086,8
fallen,1087,8
form,1088,8
receive,1089,8
whenever,1090,7
intended,1091,7
steady,1092,7
honours,1093,7
command,1094,7
accident,1095,7
sigh,1096,7
sought,1097,7
broken,1098,7
luck,1099,7
horror,1100,7
held,1101,7
authority,1102,7
considerable,1103,7
close,1104,7
sofa,1105,7
note,1106,7
remaining,1107,7
important,1108,7
repeated,1109,7
refused,1110,7
clever,1111,7
prevent,1112,7
unable,1113,7
illness,1114,7
decidedly,1115,7
younger,1116,7
knows,1117,7
difficulty,1118,7
watch,1119,7
amiable,1120,7
mistress,1121,7
secure,1122,7
opposition,1123,7
conscious,1124,7
agree,1125,7
died,1126,7
excuse,1127,7
lose,1128,7
safely,1129,7
disposition,1130,7
improvement,1131,7
expressed,1132,7
infinitely,1133,7
nine,1134,7
support,1135,7
fancy,1136,7
thrown,1137,7
apparent,1138,7
says,1139,7
companions,1140,7
entering,1141,7
laura,1142,7
friendly,1143,7
glow,1144,7
settle,1145,7
momentary,1146,7
connexions,1147,7
principle,1148,7
eagerly,1149,7
speech,1150,7
proposed,1151,7
laughing,1152,7
sweet,1153,7
decision,1154,7
smiles,1155,7
excessively,1156,7
plymouth,1157,7
suddenly,1158,7
westgate,1159,7
parted,1160,7
moved,1161,7
elegance,1162,7
admire,1163,7
catch,1164,7
boys,1165,7
chair,1166,7
choice,1167,7
dancing,1168,7
light,1169,7
led,1170,7
rational,1171,7
passing,1172,7
struggle,1173,7
grounds,1174,7
sudden,1175,7
plain,1176,7
felicity,1177,7
music,1178,7
excited,1179,7
learnt,1180,7
comes,1181,7
habits,1182,7
ourselves,1183,7
courage,1184,7
neighbours,1185,7
collected,1186,7
heaven,1187,7
rate,1188,7
visits,1189,7
persuasion,1190,7
sufficient,1191,7
indies,1192,7
intention,1193,7
quarter,1194,7
delightful,1195,7
carried,1196,7
during,1197,7
rooke,1198,7
bloom,1199,7
sailors,1200,7
seriously,1201,7
recovered,1202,7
foot,1203,7
concerned,1204,7
gentle,1205,7
surgeon,1206,6
moreover,1207,6
explanation,1208,6
odd,1209,6
assistance,1210,6
exquisite,1211,6
established,1212,6
accordingly,1213,6
distinguish,1214,6
greatly,1215,6
hopeless,1216,6
alarm,1217,6
cure,1218,6
fortitude,1219,6
decent,1220,6
save,1221,6
essential,1222,6
receiving,1223,6
consent,1224,6
apparently,1225,6
lucky,1226,6
worst,1227,6
naval,1228,6
twelve,1229,6
higher,1230,6
information,1231,6
events,1232,6
suited,1233,6
dick,1234,6
proceeded,1235,6
england,1236,6
station,1237,6
delay,1238,6
proceed,1239,6
precious,1240,6
distant,1241,6
quitted,1242,6
relief,1243,6
conscience,1244,6
failed,1245,6
houses,1246,6
streets,1247,6
effects,1248,6
points,1249,6
easily,1250,6
education,1251,6
dead,1252,6
hurried,1253,6
forty,1254,6
recovery,1255,6
rise,1256,6
inconvenient,1257,6
recommendation,1258,6
distressed,1259,6
add,1260,6
sending,1261,6
nineteen,1262,6
thirteen,1263,6
ways,1264,6
disappointed,1265,6
attentive,1266,6
pursuits,1267,6
freckles,1268,6
ship,1269,6
grant,1270,6
unfeeling,1271,6
single,1272,6
risk,1273,6
north,1274,6
ventured,1275,6
language,1276,6
folly,1277,6
arrangements,1278,6
happiest,1279,6
interference,1280,6
occasionally,1281,6
cheerfulness,1282,6
corner,1283,6
presented,1284,6
remembrance,1285,6
borne,1286,6
grace,1287,6
accommodations,1288,6
wild,1289,6
twice,1290,6
born,1291,6
private,1292,6
enter,1293,6
feared,1294,6
amused,1295,6
fifty,1296,6
deeply,1297,6
suspect,1298,6
james,1299,6
papa,1300,6
material,1301,6
introduction,1302,6
accept,1303,6
guess,1304,6
beautiful,1305,6
naturally,1306,6
caution,1307,6
sad,1308,6
cause,1309,6
taunton,1310,6
lively,1311,6
human,1312,6
sophy,1313,6
independence,1314,6
respects,1315,6
youngest,1316,6
declared,1317,6
readily,1318,6
elliots,1319,6
particulars,1320,6
west,1321,6
opposite,1322,6
cut,1323,6
recover,1324,6
pretend,1325,6
officer,1326,6
latter,1327,6
regular,1328,6
hedge,1329,6
makes,1330,6
cordiality,1331,6
sentiment,1332,6
mourning,1333,6
mutual,1334,6
belonged,1335,6
fresh,1336,6
earnest,1337,6
nursery,1338,6
renewed,1339,6
impatient,1340,6
above,1341,6
induced,1342,6
telling,1343,6
space,1344,6
thoroughly,1345,6
intelligence,1346,6
agony,1347,6
composure,1348,6
christmas,1349,6
sailor,1350,6
probable,1351,6
happily,1352,6
drawn,1353,6
kindly,1354,6
run,1355,6
absurd,1356,6
delight,1357,6
estate,1358,6
cool,1359,6
obliging,1360,6
hurry,1361,6
supply,1362,6
scenes,1363,6
formed,1364,6
quitting,1365,6
t,1366,6
wretched,1367,6
rendered,1368,6
attended,1369,6
memory,1370,6
write,1371,6
comparison,1372,6
daily,1373,6
thinks,1374,6
arranged,1375,6
offer,1376,6
supposing,1377,6
union,1378,6
recollected,1379,6
servants,1380,6
conveyed,1381,6
wise,1382,6
precisely,1383,6
consideration,1384,6
convince,1385,6
draw,1386,6
humoured,1387,6
succeeded,1388,6
politeness,1389,6
careless,1390,6
paid,1391,6
totally,1392,6
communication,1393,6
impressions,1394,6
hearted,1395,6
lines,1396,6
various,1397,6
learn,1398,6
asp,1399,6
appointment,1400,5
influenced,1401,5
respectable,1402,5
difficult,1403,5
valued,1404,5
propriety,1405,5
cared,1406,5
connection,1407,5
included,1408,5
abroad,1409,5
scene,1410,5
free,1411,5
richard,1412,5
lovely,1413,5
tuesday,1414,5
finally,1415,5
attached,1416,5
deserted,1417,5
addition,1418,5
reconciliation,1419,5
fate,1420,5
milsom,1421,5
hearts,1422,5
somebody,1423,5
curacy,1424,5
mile,1425,5
increase,1426,5
composed,1427,5
prevented,1428,5
box,1429,5
express,1430,5
respectability,1431,5
chaise,1432,5
black,1433,5
usefulness,1434,5
liberty,1435,5
civil,1436,5
slight,1437,5
lessening,1438,5
spread,1439,5
drove,1440,5
worthy,1441,5
attempt,1442,5
cleared,1443,5
shooting,1444,5
fool,1445,5
unjust,1446,5
compared,1447,5
noise,1448,5
grown,1449,5
applied,1450,5
wants,1451,5
attempts,1452,5
zeal,1453,5
careful,1454,5
merits,1455,5
offered,1456,5
wherever,1457,5
explain,1458,5
italian,1459,5
footing,1460,5
restored,1461,5
lessened,1462,5
willing,1463,5
strongest,1464,5
approach,1465,5
sensation,1466,5
shore,1467,5
leading,1468,5
office,1469,5
gentleness,1470,5
happier,1471,5
mansion,1472,5
wound,1473,5
gratified,1474,5
occur,1475,5
reference,1476,5
chose,1477,5
occupation,1478,5
enquiry,1479,5
don,1480,5
residence,1481,5
valuable,1482,5
convenience,1483,5
rejoiced,1484,5
suggest,1485,5
relation,1486,5
belief,1487,5
sees,1488,5
prosperity,1489,5
advantages,1490,5
jealousy,1491,5
formerly,1492,5
success,1493,5
animation,1494,5
stronger,1495,5
tenants,1496,5
angry,1497,5
hayters,1498,5
assist,1499,5
decide,1500,5
pounds,1501,5
strict,1502,5
mistake,1503,5
lodge,1504,5
supplied,1505,5
bow,1506,5
concerns,1507,5
income,1508,5
blame,1509,5
relations,1510,5
advice,1511,5
preparing,1512,5
doors,1513,5
attraction,1514,5
scruple,1515,5
powers,1516,5
described,1517,5
concern,1518,5
stand,1519,5
bright,1520,5
injury,1521,5
intervals,1522,5
strangers,1523,5
jealous,1524,5
stir,1525,5
preferred,1526,5
hundred,1527,5
played,1528,5
assured,1529,5
tender,1530,5
constancy,1531,5
running,1532,5
absolutely,1533,5
becoming,1534,5
assisted,1535,5
somewhere,1536,5
ruin,1537,5
grieved,1538,5
hereafter,1539,5
raised,1540,5
uttered,1541,5
fortnight,1542,5
alliance,1543,5
reasonable,1544,5
employed,1545,5
continuing,1546,5
neglect,1547,5
arrangement,1548,5
complaisance,1549,5
result,1550,5
presently,1551,5
inclined,1552,5
evils,1553,5
places,1554,5
entrance,1555,5
honourable,1556,5
piece,1557,5
eagerness,1558,5
shocked,1559,5
marlborough,1560,5
carry,1561,5
dined,1562,5
mortification,1563,5
offering,1564,5
conclusion,1565,5
liking,1566,5
resident,1567,5
contempt,1568,5
peculiar,1569,5
calm,1570,5
cruel,1571,5
esq,1572,5
certainty,1573,5
related,1574,5
couple,1575,5
edward,1576,5
joy,1577,5
gallantry,1578,5
submitted,1579,5
lower,1580,5
pen,1581,5
travelled,1582,5
objection,1583,5
involved,1584,5
active,1585,5
benefit,1586,5
white,1587,5
ground,1588,5
please,1589,5
later,1590,5
drive,1591,5
poetry,1592,5
startled,1593,5
gay,1594,5
bed,1595,5
earnestly,1596,5
relationship,1597,5
waited,1598,5
uncertain,1599,5
admired,1600,5
selfishness,1601,5
journey,1602,5
belonging,1603,5
trial,1604,5
accounts,1605,5
compassion,1606,5
dared,1607,5
master,1608,5
undoubtedly,1609,5
paper,1610,5
connected,1611,5
maintaining,1612,5
church,1613,5
apology,1614,5
experience,1615,5
heads,1616,5
rid,1617,5
alas,1618,5
acting,1619,5
worldly,1620,5
spending,1621,5
unwell,1622,5
presence,1623,4
worn,1624,4
talks,1625,4
merit,1626,4
trifle,1627,4
encouraging,1628,4
seldom,1629,4
unnecessary,1630,4
blood,1631,4
unless,1632,4
commanded,1633,4
occupying,1634,4
patience,1635,4
mental,1636,4
endure,1637,4
sincerity,1638,4
visitors,1639,4
fearing,1640,4
waiter,1641,4
baldwin,1642,4
reproach,1643,4
forgot,1644,4
exact,1645,4
exertions,1646,4
stranger,1647,4
holidays,1648,4
tempted,1649,4
unpleasant,1650,4
older,1651,4
strike,1652,4
services,1653,4
forgiven,1654,4
inconvenience,1655,4
learned,1656,4
gained,1657,4
begged,1658,4
article,1659,4
stop,1660,4
blessed,1661,4
agitations,1662,4
communicated,1663,4
deserving,1664,4
sincere,1665,4
dependence,1666,4
earliest,1667,4
touch,1668,4
precedence,1669,4
imprudence,1670,4
hospitable,1671,4
interchange,1672,4
bent,1673,4
unworthy,1674,4
watching,1675,4
spared,1676,4
cautious,1677,4
remarkable,1678,4
jemima,1679,4
lane,1680,4
delicacy,1681,4
hysterical,1682,4
wrote,1683,4
sinking,1684,4
fix,1685,4
quickly,1686,4
believing,1687,4
powerful,1688,4
embarrassed,1689,4
c,1690,4
yard,1691,4
improve,1692,4
grateful,1693,4
hearty,1694,4
hate,1695,4
succeeding,1696,4
removed,1697,4
rough,1698,4
informed,1699,4
goodness,1700,4
owner,1701,4
alike,1702,4
september,1703,4
propose,1704,4
pavement,1705,4
recollections,1706,4
phoo,1707,4
nonsense,1708,4
consulted,1709,4
behaviour,1710,4
repeatedly,1711,4
changes,1712,4
watched,1713,4
melancholy,1714,4
absent,1715,4
complain,1716,4
path,1717,4
opening,1718,4
flattered,1719,4
oppose,1720,4
possibly,1721,4
accomplishments,1722,4
driven,1723,4
curricle,1724,4
invitations,1725,4
third,1726,4
fault,1727,4
scrupulous,1728,4
instances,1729,4
rejoice,1730,4
leisure,1731,4
secured,1732,4
creatures,1733,4
complexion,1734,4
solitary,1735,4
stairs,1736,4
clergyman,1737,4
fixing,1738,4
william,1739,4
fairly,1740,4
grew,1741,4
civilities,1742,4
frightful,1743,4
arrive,1744,4
weakness,1745,4
actual,1746,4
attach,1747,4
perceive,1748,4
wind,1749,4
estimate,1750,4
distrust,1751,4
dalrymples,1752,4
disagreeable,1753,4
weight,1754,4
daring,1755,4
performance,1756,4
sensibility,1757,4
destroyed,1758,4
oftener,1759,4
intelligent,1760,4
county,1761,4
irresistible,1762,4
distressing,1763,4
compare,1764,4
disappointment,1765,4
shew,1766,4
suspicion,1767,4
unfit,1768,4
separation,1769,4
escaped,1770,4
trust,1771,4
nearer,1772,4
regretted,1773,4
harp,1774,4
knock,1775,4
silly,1776,4
awkwardness,1777,4
ceaseless,1778,4
prove,1779,4
eat,1780,4
convenient,1781,4
figure,1782,4
artificial,1783,4
forming,1784,4
livery,1785,4
pointing,1786,4
remembering,1787,4
sunk,1788,4
calmer,1789,4
motion,1790,4
settling,1791,4
belong,1792,4
water,1793,4
remark,1794,4
fast,1795,4
separate,1796,4
favourable,1797,4
whisper,1798,4
curious,1799,4
preceding,1800,4
somersetshire,1801,4
applications,1802,4
tells,1803,4
dread,1804,4
surely,1805,4
polished,1806,4
exert,1807,4
pains,1808,4
doubtful,1809,4
alive,1810,4
partiality,1811,4
shop,1812,4
selfish,1813,4
volume,1814,4
marked,1815,4
deficient,1816,4
stroll,1817,4
witnessed,1818,4
charming,1819,4
possessed,1820,4
owed,1821,4
animated,1822,4
dining,1823,4
suspecting,1824,4
weak,1825,4
grieving,1826,4
list,1827,4
bestow,1828,4
openness,1829,4
alarmed,1830,4
seek,1831,4
season,1832,4
rapid,1833,4
asking,1834,4
unhappy,1835,4
vexed,1836,4
song,1837,4
modest,1838,4
measures,1839,4
fears,1840,4
invite,1841,4
rivers,1842,4
explained,1843,4
ascertain,1844,4
consolation,1845,4
depended,1846,4
duties,1847,4
encouraged,1848,4
finish,1849,4
dowager,1850,4
total,1851,4
united,1852,4
eloquent,1853,4
prospect,1854,4
harm,1855,4
intimately,1856,4
glowing,1857,4
proceeding,1858,4
fancying,1859,4
anxiously,1860,4
driving,1861,4
politely,1862,4
comforts,1863,4
boat,1864,4
takes,1865,4
expressions,1866,4
inviting,1867,4
remembered,1868,4
filled,1869,4
fashioned,1870,4
produce,1871,4
mischief,1872,4
meetings,1873,4
judged,1874,4
fanny,1875,4
calmness,1876,4
parting,1877,4
arose,1878,4
calculations,1879,4
cases,1880,4
enquired,1881,4
comparatively,1882,4
hamilton,1883,4
disinterested,1884,4
appeal,1885,4
viscountess,1886,4
class,1887,4
solitude,1888,4
officers,1889,4
compliment,1890,4
polite,1891,4
expectation,1892,4
hastened,1893,4
declined,1894,4
cards,1895,4
announced,1896,4
longed,1897,4
liable,1898,4
staid,1899,4
shame,1900,4
kindest,1901,4
entreated,1902,4
overcome,1903,4
parents,1904,4
blush,1905,4
acquired,1906,4
forth,1907,4
pleasantly,1908,4
alarming,1909,4
busy,1910,4
employment,1911,4
employ,1912,4
suspected,1913,4
nut,1914,4
choose,1915,4
sweetness,1916,4
park,1917,4
ceremony,1918,4
principally,1919,4
application,1920,4
adding,1921,4
leaning,1922,4
alacrity,1923,4
restrictions,1924,4
straight,1925,4
continual,1926,3
saved,1927,3
engaging,1928,3
beneath,1929,3
fire,1930,3
addresses,1931,3
afternoon,1932,3
avoided,1933,3
bias,1934,3
sex,1935,3
imagination,1936,3
dwell,1937,3
breaking,1938,3
treated,1939,3
claimed,1940,3
appears,1941,3
appointed,1942,3
gowland,1943,3
alluded,1944,3
condition,1945,3
shock,1946,3
distinction,1947,3
probability,1948,3
resolve,1949,3
endeavour,1950,3
disappeared,1951,3
adopted,1952,3
chamber,1953,3
enabled,1954,3
dinners,1955,3
range,1956,3
suppressed,1957,3
affluence,1958,3
descriptions,1959,3
attempted,1960,3
scattered,1961,3
st,1962,3
robinson,1963,3
restraints,1964,3
correct,1965,3
fifteen,1966,3
frigate,1967,3
tall,1968,3
guidance,1969,3
disgust,1970,3
portsmouth,1971,3
insult,1972,3
esteem,1973,3
gravely,1974,3
enthusiasm,1975,3
preserve,1976,3
keeping,1977,3
recommended,1978,3
fellows,1979,3
suitable,1980,3
nation,1981,3
prefer,1982,3
lasting,1983,3
tranquillity,1984,3
cares,1985,3
encounter,1986,3
answers,1987,3
stage,1988,3
horse,1989,3
softened,1990,3
drop,1991,3
sufferings,1992,3
insensible,1993,3
positive,1994,3
hastily,1995,3
furnish,1996,3
brothers,1997,3
released,1998,3
unfairly,1999,3
grief,2000,3
addressing,2001,3
buy,2002,3
sits,2003,3
affectionately,2004,3
fearful,2005,3
exclamations,2006,3
bid,2007,3
ancient,2008,3
sickness,2009,3
dropped,2010,3
engrossed,2011,3
alloy,2012,3
thick,2013,3
schoolfellow,2014,3
preferring,2015,3
playing,2016,3
animate,2017,3
ball,2018,3
bound,2019,3
row,2020,3
prevailed,2021,3
relieved,2022,3
grow,2023,3
catching,2024,3
indignation,2025,3
whispered,2026,3
wearing,2027,3
joint,2028,3
calculated,2029,3
accepting,2030,3
suspicious,2031,3
retired,2032,3
confirm,2033,3
involving,2034,3
basil,2035,3
removing,2036,3
curtains,2037,3
shrink,2038,3
stile,2039,3
bewitching,2040,3
shropshire,2041,3
arriving,2042,3
existence,2043,3
grappler,2044,3
pleasures,2045,3
lessen,2046,3
throwing,2047,3
guided,2048,3
excellence,2049,3
strange,2050,3
richer,2051,3
blessings,2052,3
agitated,2053,3
questions,2054,3
reverse,2055,3
expecting,2056,3
checking,2057,3
apprehensions,2058,3
faces,2059,3
pursued,2060,3
bottom,2061,3
solicited,2062,3
spare,2063,3
unlike,2064,3
doubts,2065,3
recently,2066,3
nobility,2067,3
surrounded,2068,3
minds,2069,3
prize,2070,3
singing,2071,3
tolerably,2072,3
yarmouth,2073,3
fashionable,2074,3
submit,2075,3
quicker,2076,3
questioned,2077,3
utility,2078,3
flower,2079,3
retrench,2080,3
appearing,2081,3
hanging,2082,3
confused,2083,3
chat,2084,3
gibraltar,2085,3
additional,2086,3
observant,2087,3
press,2088,3
allowance,2089,3
practice,2090,3
nearest,2091,3
confined,2092,3
fetch,2093,3
art,2094,3
step,2095,3
supported,2096,3
injustice,2097,3
invalid,2098,3
perfection,2099,3
ships,2100,3
hart,2101,3
cheerfully,2102,3
recent,2103,3
accepted,2104,3
piano,2105,3
post,2106,3
entitled,2107,3
road,2108,3
ring,2109,3
sacrifices,2110,3
prepared,2111,3
passage,2112,3
group,2113,3
asunder,2114,3
snug,2115,3
penance,2116,3
hung,2117,3
varieties,2118,3
chief,2119,3
wit,2120,3
seventeen,2121,3
gain,2122,3
apt,2123,3
byron,2124,3
reconcile,2125,3
increasing,2126,3
gently,2127,3
charms,2128,3
nursing,2129,3
dreadfully,2130,3
repeating,2131,3
dressing,2132,3
nervous,2133,3
ignorance,2134,3
procure,2135,3
design,2136,3
economy,2137,3
objects,2138,3
ardour,2139,3
sorrow,2140,3
apologies,2141,3
attendance,2142,3
imprudent,2143,3
judging,2144,3
remarkably,2145,3
wondered,2146,3
discerned,2147,3
professions,2148,3
withstand,2149,3
octagon,2150,3
demands,2151,3
supposition,2152,3
previous,2153,3
repose,2154,3
bore,2155,3
reception,2156,3
utmost,2157,3
protested,2158,3
readiness,2159,3
midst,2160,3
slightest,2161,3
knocked,2162,3
raising,2163,3
consult,2164,3
principles,2165,3
indisposition,2166,3
entreaty,2167,3
remarks,2168,3
hospitality,2169,3
sore,2170,3
noises,2171,3
parish,2172,3
concluded,2173,3
excused,2174,3
overpowering,2175,3
faded,2176,3
communicate,2177,3
unfortunate,2178,3
conference,2179,3
prospects,2180,3
bench,2181,3
pardoned,2182,3
preparation,2183,3
afflicted,2184,3
amongst,2185,3
extreme,2186,3
misled,2187,3
seeking,2188,3
amiss,2189,3
learning,2190,3
amusing,2191,3
impulse,2192,3
across,2193,3
reflect,2194,3
regrets,2195,3
beloved,2196,3
originally,2197,3
frequent,2198,3
ere,2199,3
wiser,2200,3
double,2201,3
affections,2202,3
grandeur,2203,3
cease,2204,3
idle,2205,3
improper,2206,3
faith,2207,3
removals,2208,3
admiring,2209,3
dislike,2210,3
deserve,2211,3
happens,2212,3
grave,2213,3
alter,2214,3
practicable,2215,3
june,2216,3
hence,2217,3
complaints,2218,3
ordered,2219,3
rent,2220,3
unwilling,2221,3
exist,2222,3
breathed,2223,3
liberality,2224,3
unaffected,2225,3
laughed,2226,3
examined,2227,3
happening,2228,3
recollecting,2229,3
female,2230,3
plenty,2231,3
glasses,2232,3
michaelmas,2233,3
pleasanter,2234,3
waste,2235,3
fitting,2236,3
discretion,2237,3
minutiae,2238,3
deemed,2239,3
mentioning,2240,3
gate,2241,3
expenses,2242,3
approached,2243,3
garden,2244,3
size,2245,3
rapidity,2246,3
monday,2247,3
upper,2248,3
formal,2249,3
lot,2250,3
holds,2251,3
fashion,2252,3
parent,2253,3
paying,2254,3
thither,2255,3
merry,2256,3
unwelcome,2257,3
gladly,2258,3
regretting,2259,3
farm,2260,3
newspapers,2261,3
windows,2262,3
delicate,2263,3
height,2264,3
emotions,2265,3
aggravation,2266,3
resignation,2267,3
engage,2268,3
abilities,2269,3
portion,2270,3
worked,2271,3
date,2272,3
moving,2273,3
english,2274,3
enjoyed,2275,3
stationed,2276,3
implied,2277,3
unkind,2278,3
somewhat,2279,3
satisfy,2280,3
wondering,2281,3
resist,2282,3
sands,2283,3
shake,2284,3
perpetual,2285,3
laid,2286,3
1,2287,3
progress,2288,3
professed,2289,3
similar,2290,3
spoilt,2291,3
ascertained,2292,3
thursday,2293,3
cape,2294,3
deference,2295,3
yielding,2296,3
chosen,2297,3
belmont,2298,3
direct,2299,3
prompted,2300,3
foul,2301,3
involve,2302,3
fourteen,2303,3
sighed,2304,3
safety,2305,3
resentment,2306,3
display,2307,3
intelligible,2308,3
fervent,2309,3
stepping,2310,3
provided,2311,3
engagements,2312,3
keener,2313,3
sloop,2314,3
ran,2315,3
awkward,2316,3
inevitably,2317,3
mark,2318,3
seeming,2319,3
examples,2320,3
scruples,2321,3
providence,2322,3
troublesome,2323,3
excusable,2324,3
5,2325,3
speed,2326,3
game,2327,3
coolly,2328,3
awful,2329,3
courteous,2330,3
amidst,2331,3
limbs,2332,3
folding,2333,3
neighbour,2334,3
helpless,2335,3
everywhere,2336,3
absolute,2337,3
instinctively,2338,3
named,2339,3
affliction,2340,3
resolute,2341,3
noticed,2342,3
adjoining,2343,3
instance,2344,3
sympathy,2345,3
clock,2346,3
accommodation,2347,3
interested,2348,3
conceived,2349,3
rising,2350,3
addressed,2351,3
novelty,2352,3
wonderful,2353,3
discussion,2354,3
honoured,2355,3
suggested,2356,3
perception,2357,3
interview,2358,3
senses,2359,3
lament,2360,3
thankful,2361,3
disapprobation,2362,3
endeavoured,2363,3
parlour,2364,3
model,2365,3
listener,2366,3
thousands,2367,3
east,2368,3
colour,2369,3
wonders,2370,3
christian,2371,3
fear,2372,3
shy,2373,3
contemplation,2374,3
affectionate,2375,3
prudent,2376,3
thoughtful,2377,3
breathe,2378,3
operation,2379,3
comparing,2380,3
declining,2381,3
message,2382,3
relative,2383,3
containing,2384,3
patient,2385,3
presumptive,2386,3
analogy,2387,3
unquestionably,2388,3
solicitous,2389,3
shook,2390,3
tax,2391,2
lend,2392,2
explains,2393,2
breeding,2394,2
trusted,2395,2
preserving,2396,2
seats,2397,2
states,2398,2
yielded,2399,2
treachery,2400,2
females,2401,2
filling,2402,2
studiously,2403,2
guide,2404,2
sanguine,2405,2
dull,2406,2
ridicule,2407,2
haste,2408,2
sixteen,2409,2
presumed,2410,2
apprehend,2411,2
contradict,2412,2
remove,2413,2
parts,2414,2
permanently,2415,2
agreement,2416,2
using,2417,2
dab,2418,2
cliffs,2419,2
publications,2420,2
commission,2421,2
attractions,2422,2
guessed,2423,2
fever,2424,2
reward,2425,2
extenuation,2426,2
uniting,2427,2
pushing,2428,2
observances,2429,2
shrubberies,2430,2
cruelty,2431,2
pretended,2432,2
healthy,2433,2
directions,2434,2
commander,2435,2
outlived,2436,2
respected,2437,2
pretensions,2438,2
ruined,2439,2
heartily,2440,2
preventing,2441,2
tones,2442,2
anger,2443,2
declaration,2444,2
anticipated,2445,2
schemes,2446,2
crossing,2447,2
unintentionally,2448,2
governess,2449,2
results,2450,2
imaginations,2451,2
vacant,2452,2
storms,2453,2
irritation,2454,2
unknown,2455,2
pelisse,2456,2
debt,2457,2
buried,2458,2
squire,2459,2
pained,2460,2
advised,2461,2
betraying,2462,2
warmest,2463,2
pin,2464,2
inferiority,2465,2
protection,2466,2
sympathetic,2467,2
coarse,2468,2
artful,2469,2
walks,2470,2
perceptible,2471,2
poetical,2472,2
utter,2473,2
succeed,2474,2
compatible,2475,2
parcel,2476,2
fastidious,2477,2
fated,2478,2
intently,2479,2
trace,2480,2
finest,2481,2
extensive,2482,2
hills,2483,2
lest,2484,2
fill,2485,2
species,2486,2
watchfulness,2487,2
buzz,2488,2
foreseeing,2489,2
middle,2490,2
enjoyments,2491,2
insignificant,2492,2
generous,2493,2
rated,2494,2
firmness,2495,2
newspaper,2496,2
transient,2497,2
ample,2498,2
hunting,2499,2
charge,2500,2
ecstasy,2501,2
vigour,2502,2
wounded,2503,2
flow,2504,2
fortunate,2505,2
presiding,2506,2
durable,2507,2
prejudice,2508,2
extravagant,2509,2
punctually,2510,2
defect,2511,2
omit,2512,2
uneasy,2513,2
rained,2514,2
entire,2515,2
french,2516,2
lent,2517,2
curtsey,2518,2
environs,2519,2
reflections,2520,2
unguarded,2521,2
apprehension,2522,2
solicitudes,2523,2
smiths,2524,2
hypocrite,2525,2
smooth,2526,2
heavy,2527,2
sarah,2528,2
laying,2529,2
dwelt,2530,2
conceive,2531,2
contemplated,2532,2
conceal,2533,2
dreading,2534,2
gloried,2535,2
accomplish,2536,2
foresight,2537,2
barns,2538,2
landed,2539,2
oblivion,2540,2
disdain,2541,2
numerous,2542,2
confident,2543,2
sandy,2544,2
discourse,2545,2
exposing,2546,2
imaginary,2547,2
pretence,2548,2
pressing,2549,2
degrees,2550,2
gaiety,2551,2
w,2552,2
consistent,2553,2
inconstant,2554,2
degrading,2555,2
trees,2556,2
opposed,2557,2
finished,2558,2
apply,2559,2
seniority,2560,2
scott,2561,2
concerning,2562,2
apartment,2563,2
shewing,2564,2
privy,2565,2
proportions,2566,2
efforts,2567,2
rejoinder,2568,2
orchestra,2569,2
announce,2570,2
discern,2571,2
brigden,2572,2
prepare,2573,2
veranda,2574,2
shortly,2575,2
study,2576,2
benches,2577,2
disposal,2578,2
mildness,2579,2
shape,2580,2
archibald,2581,2
lesser,2582,2
graciously,2583,2
resenting,2584,2
upright,2585,2
appearances,2586,2
unqualified,2587,2
seized,2588,2
lamenting,2589,2
modern,2590,2
cunning,2591,2
throat,2592,2
requires,2593,2
choosing,2594,2
slow,2595,2
suggestions,2596,2
destination,2597,2
forte,2598,2
calmly,2599,2
saving,2600,2
likes,2601,2
deception,2602,2
protesting,2603,2
elevated,2604,2
justify,2605,2
desirous,2606,2
activity,2607,2
tempered,2608,2
withdraw,2609,2
land,2610,2
jumped,2611,2
hesitation,2612,2
exercise,2613,2
unconsciously,2614,2
charity,2615,2
hesitated,2616,2
wear,2617,2
orders,2618,2
pressed,2619,2
impossibility,2620,2
comprehensive,2621,2
february,2622,2
marriages,2623,2
promising,2624,2
heavens,2625,2
centre,2626,2
improvements,2627,2
method,2628,2
chanced,2629,2
alteration,2630,2
bone,2631,2
responsible,2632,2
mortifications,2633,2
forms,2634,2
elsewhere,2635,2
universal,2636,2
facts,2637,2
foreseen,2638,2
neglected,2639,2
blooming,2640,2
consented,2641,2
stories,2642,2
representing,2643,2
volumes,2644,2
feet,2645,2
collar,2646,2
measure,2647,2
recommendations,2648,2
interests,2649,2
praised,2650,2
sakes,2651,2
sweets,2652,2
contend,2653,2
bodily,2654,2
overlooked,2655,2
15,2656,2
poet,2657,2
port,2658,2
larolles,2659,2
teaze,2660,2
needs,2661,2
landlady,2662,2
affect,2663,2
roof,2664,2
reluctant,2665,2
bows,2666,2
envy,2667,2
missed,2668,2
showed,2669,2
whispering,2670,2
clouded,2671,2
toils,2672,2
theatre,2673,2
blue,2674,2
accidentally,2675,2
correspondence,2676,2
improving,2677,2
reduced,2678,2
tooth,2679,2
promotion,2680,2
wretchedness,2681,2
secondly,2682,2
ignorant,2683,2
forbearance,2684,2
contented,2685,2
coldness,2686,2
supporting,2687,2
goes,2688,2
freely,2689,2
suspension,2690,2
uncomfortable,2691,2
request,2692,2
maintained,2693,2
forgive,2694,2
establishment,2695,2
prose,2696,2
behaving,2697,2
condolence,2698,2
afforded,2699,2
devotion,2700,2
simple,2701,2
blows,2702,2
joyous,2703,2
charitable,2704,2
south,2705,2
heedless,2706,2
usage,2707,2
hardened,2708,2
moral,2709,2
materially,2710,2
talents,2711,2
articles,2712,2
irish,2713,2
prosperous,2714,2
becomes,2715,2
descending,2716,2
twelvemonth,2717,2
shabby,2718,2
giaour,2719,2
remainder,2720,2
tied,2721,2
penetrated,2722,2
sporting,2723,2
shocking,2724,2
frightened,2725,2
perseverance,2726,2
unequal,2727,2
treat,2728,2
associations,2729,2
defence,2730,2
paused,2731,2
reverted,2732,2
designing,2733,2
gossip,2734,2
steadiness,2735,2
benevolent,2736,2
exclaiming,2737,2
aside,2738,2
situations,2739,2
creditable,2740,2
groves,2741,2
musings,2742,2
amazement,2743,2
ye,2744,2
neat,2745,2
declaring,2746,2
exerted,2747,2
nonsensical,2748,2
motives,2749,2
cordial,2750,2
directing,2751,2
lowness,2752,2
relate,2753,2
knelt,2754,2
entertaining,2755,2
build,2756,2
generosity,2757,2
successive,2758,2
entertain,2759,2
dictate,2760,2
furnished,2761,2
ushered,2762,2
meadow,2763,2
delays,2764,2
relinquishing,2765,2
wives,2766,2
apologize,2767,2
require,2768,2
red,2769,2
unexpected,2770,2
seas,2771,2
charmouth,2772,2
directed,2773,2
offence,2774,2
amuse,2775,2
curtailed,2776,2
violent,2777,2
apothecary,2778,2
july,2779,2
concealed,2780,2
cultivated,2781,2
dim,2782,2
independent,2783,2
promote,2784,2
sharp,2785,2
composedly,2786,2
converse,2787,2
conjectured,2788,2
conversing,2789,2
contrasted,2790,2
voices,2791,2
throw,2792,2
disgrace,2793,2
zealous,2794,2
inns,2795,2
penetrating,2796,2
designs,2797,2
argument,2798,2
allowances,2799,2
unfortunately,2800,2
efficacy,2801,2
staring,2802,2
tongue,2803,2
brilliancy,2804,2
disordered,2805,2
reaching,2806,2
embarrassment,2807,2
comprehending,2808,2
chiefly,2809,2
wedding,2810,2
persisted,2811,2
exceptions,2812,2
pointedly,2813,2
touched,2814,2
faint,2815,2
exceed,2816,2
slipped,2817,2
wallises,2818,2
flying,2819,2
renewing,2820,2
quarters,2821,2
refuse,2822,2
reserved,2823,2
unfounded,2824,2
jump,2825,2
raise,2826,2
butler,2827,2
outward,2828,2
break,2829,2
twentieth,2830,2
shot,2831,2
lodging,2832,2
relenting,2833,2
strolling,2834,2
vex,2835,2
household,2836,2
ireland,2837,2
correspondent,2838,2
division,2839,2
landlord,2840,2
tide,2841,2
captains,2842,2
final,2843,2
august,2844,2
arrange,2845,2
example,2846,2
await,2847,2
lisbon,2848,2
esteemed,2849,2
losing,2850,2
observations,2851,2
acted,2852,2
confirmed,2853,2
mortifying,2854,2
shares,2855,2
peculiarly,2856,2
reductions,2857,2
sounded,2858,2
foresee,2859,2
gardens,2860,2
occasions,2861,2
flatter,2862,2
decorum,2863,2
sincerely,2864,2
sport,2865,2
top,2866,2
undertakes,2867,2
decline,2868,2
accommodate,2869,2
exultation,2870,2
boasted,2871,2
ear,2872,2
compromise,2873,2
bill,2874,2
characters,2875,2
refusal,2876,2
concluding,2877,2
carriages,2878,2
apartments,2879,2
rumour,2880,2
advising,2881,2
counsel,2882,2
coat,2883,2
estrangement,2884,2
ladyship,2885,2
unseen,2886,2
necessarily,2887,2
exposed,2888,2
impatience,2889,2
preparations,2890,2
proposals,2891,2
distinctly,2892,2
limits,2893,2
willingly,2894,2
perceived,2895,2
ashore,2896,2
derive,2897,2
unconnected,2898,2
henry,2899,2
trivial,2900,2
20,2901,2
offices,2902,2
dissimilar,2903,2
rocks,2904,2
larger,2905,2
vexation,2906,2
bowed,2907,2
extent,2908,2
materials,2909,2
alicia,2910,2
somerset,2911,2
bedroom,2912,2
enquiring,2913,2
fatigue,2914,2
reasoning,2915,2
gun,2916,2
built,2917,2
projected,2918,2
contrived,2919,2
acquiescence,2920,2
rejoicing,2921,2
deeper,2922,2
desired,2923,2
immoveable,2924,2
pictures,2925,2
address,2926,2
prevailing,2927,2
thornberry,2928,2
induce,2929,2
connections,2930,2
likewise,2931,2
faults,2932,2
doctor,2933,2
bell,2934,2
dated,2935,2
mouth,2936,2
laundry,2937,2
ives,2938,2
motto,2939,2
tree,2940,2
page,2941,2
guard,2942,2
witnessing,2943,2
capital,2944,2
overpowers,2945,2
raptures,2946,2
sophia,2947,2
sequel,2948,2
thorough,2949,2
expense,2950,2
finances,2951,2
hitherto,2952,2
hasty,2953,2
torment,2954,2
ascent,2955,2
lawyer,2956,2
exception,2957,2
promises,2958,2
honesty,2959,2
wore,2960,2
thin,2961,2
representation,2962,2
triumph,2963,2
sacrificed,2964,2
plans,2965,2
supports,2966,2
dozen,2967,2
regarded,2968,2
unconcerned,2969,2
qualified,2970,2
tendency,2971,2
scholar,2972,2
gallant,2973,2
privileges,2974,2
occupy,2975,2
dependent,2976,2
lieutenant,2977,2
foreign,2978,2
compounded,2979,2
partially,2980,2
replying,2981,2
ha,2982,2
field,2983,2
coach,2984,2
beaten,2985,2
internal,2986,2
penetration,2987,2
presume,2988,2
contemplate,2989,2
penelope,2990,2
blushed,2991,2
standard,2992,2
discerning,2993,2
nothingness,2994,2
discovery,2995,2
variety,2996,2
extension,2997,2
uprightness,2998,2
spontaneous,2999,2
visible,3000,2
further,3001,2
averted,3002,2
somehow,3003,2
charmed,3004,2
bred,3005,2
invariably,3006,2
deceive,3007,2
sixty,3008,2
natured,3009,2
gloves,3010,2
origin,3011,2
gig,3012,2
16,3013,2
consisted,3014,2
weaken,3015,2
fitted,3016,2
conclude,3017,2
bay,3018,2
surprises,3019,2
appealed,3020,2
apace,3021,2
pronounced,3022,2
lying,3023,2
o,3024,2
divide,3025,2
soften,3026,2
moralists,3027,2
assisting,3028,2
reckoning,3029,2
sacrifice,3030,2
confirmation,3031,2
ones,3032,2
lead,3033,2
wet,3034,2
revival,3035,2
travelling,3036,2
inevitable,3037,2
keenly,3038,2
proposal,3039,2
viscount,3040,2
justified,3041,2
nights,3042,2
reformation,3043,2
songs,3044,2
crewkherne,3045,2
temples,3046,2
misfortune,3047,2
expectations,3048,2
leaves,3049,2
show,3050,2
regulations,3051,2
heightened,3052,2
yourselves,3053,2
wholly,3054,2
visions,3055,2
strongly,3056,2
rouse,3057,2
dissuade,3058,2
started,3059,2
walls,3060,2
degradation,3061,2
modesty,3062,2
unpardonable,3063,2
ours,3064,2
forgetting,3065,2
aloud,3066,2
securing,3067,2
madam,3068,2
gifted,3069,2
approved,3070,2
butcher,3071,2
overpowered,3072,2
paragraph,3073,2
provoke,3074,2
market,3075,2
resolutely,3076,2
omitted,3077,2
baronetage,3078,2
firm,3079,2
deny,3080,2
contact,3081,2
nodded,3082,2
strengthened,3083,2
beforehand,3084,2
disparity,3085,2
forgets,3086,2
breeze,3087,2
hoping,3088,2
start,3089,2
quotations,3090,2
hardship,3091,2
fat,3092,2
arch,3093,2
shrewd,3094,2
limited,3095,2
dogs,3096,2
speaks,3097,2
portraits,3098,2
liberal,3099,2
turns,3100,2
anticipating,3101,2
visiting,3102,2
9,3103,2
glowed,3104,2
educated,3105,2
abused,3106,2
collecting,3107,2
lingering,3108,2
husbands,3109,2
hat,3110,2
irresolute,3111,2
fearless,3112,2
checked,3113,2
hereabouts,3114,2
baronetcy,3115,2
pump,3116,2
acceptable,3117,2
term,3118,2
visitor,3119,2
complaint,3120,2
situated,3121,2
instrument,3122,2
brain,3123,2
solely,3124,2
applying,3125,2
d,3126,2
inquired,3127,2
offensive,3128,2
subdue,3129,2
negative,3130,2
walker,3131,2
creations,3132,2
slighted,3133,2
introduce,3134,2
action,3135,2
foolish,3136,2
crowd,3137,2
handsomer,3138,2
floor,3139,2
boots,3140,2
pitiful,3141,2
friendliness,3142,2
noble,3143,2
aid,3144,2
mirth,3145,2
entreaties,3146,2
blushing,3147,2
upset,3148,2
plants,3149,2
reserve,3150,2
haired,3151,2
dreaded,3152,2
collect,3153,2
plead,3154,2
stepped,3155,2
properest,3156,2
actions,3157,2
moderate,3158,2
traveller,3159,2
dues,3160,2
cross,3161,2
gradual,3162,2
uneasiness,3163,2
attachments,3164,2
threw,3165,2
sunday,3166,2
entertained,3167,2
partialities,3168,2
midshipmen,3169,2
possess,3170,2
flattery,3171,2
oppressed,3172,2
humble,3173,2
revived,3174,2
compliance,3175,2
gentlemanlike,3176,2
topics,3177,2
ranked,3178,2
wrought,3179,2
asserted,3180,2
dutiful,3181,2
glances,3182,2
vague,3183,2
process,3184,2
modes,3185,2
bearing,3186,2
mixed,3187,2
interfering,3188,2
repeats,3189,2
unsatisfactory,3190,2
clothes,3191,2
relied,3192,2
bit,3193,2
sentence,3194,2
crossed,3195,2
arising,3196,2
disrespectfully,3197,2
attaching,3198,2
perplexity,3199,2
stamped,3200,2
wall,3201,2
trick,3202,2
devoted,3203,2
infirm,3204,2
disappointments,3205,2
obeyed,3206,2
toil,3207,2
pensive,3208,2
scheming,3209,2
confinement,3210,2
acknowledgement,3211,2
ascertaining,3212,2
rub,3213,2
consequences,3214,2
gout,3215,2
suits,3216,2
brings,3217,2
farmer,3218,2
loves,3219,2
anew,3220,2
symptoms,3221,2
papers,3222,2
substantial,3223,2
requested,3224,2
cousinly,3225,2
widower,3226,2
sensibly,3227,2
denying,3228,2
crowded,3229,2
virtues,3230,2
assertion,3231,2
fingers,3232,2
reasoned,3233,2
occasioned,3234,2
prime,3235,2
opportunities,3236,2
discredit,3237,2
climate,3238,2
revolting,3239,2
thicker,3240,2
accomplished,3241,2
lessons,3242,2
john,3243,2
grandson,3244,2
unmanageable,3245,2
embarrassments,3246,2
innoxious,3247,2
revolving,3248,2
assiduous,3249,2
custom,3250,2
gouty,3251,2
allusion,3252,1
hail,3253,1
rowed,3254,1
cash,3255,1
personally,3256,1
sentences,3257,1
safer,3258,1
poring,3259,1
rugged,3260,1
failings,3261,1
wantonly,3262,1
accustomary,3263,1
parson,3264,1
12,3265,1
curl,3266,1
ensure,3267,1
tossed,3268,1
considerately,3269,1
jane,3270,1
21,3271,1
investigation,3272,1
injured,3273,1
dry,3274,1
stake,3275,1
journeys,3276,1
quickness,3277,1
exerting,3278,1
graceful,3279,1
forbid,3280,1
clamour,3281,1
precipitate,3282,1
smirked,3283,1
autumnal,3284,1
cuffs,3285,1
resort,3286,1
conveniently,3287,1
beat,3288,1
pins,3289,1
bills,3290,1
transplanted,3291,1
manly,3292,1
legible,3293,1
dashing,3294,1
eligible,3295,1
endless,3296,1
misses,3297,1
delicious,3298,1
accompany,3299,1
dog,3300,1
blister,3301,1
trunks,3302,1
simplest,3303,1
betide,3304,1
abode,3305,1
outweighed,3306,1
bishop,3307,1
perusal,3308,1
occurs,3309,1
exhibited,3310,1
prayer,3311,1
injuries,3312,1
singular,3313,1
sank,3314,1
caring,3315,1
gaining,3316,1
reigning,3317,1
skilful,3318,1
undesired,3319,1
discontented,3320,1
insufficient,3321,1
retrenchments,3322,1
panel,3323,1
smart,3324,1
endured,3325,1
gaze,3326,1
overheard,3327,1
catastrophe,3328,1
frank,3329,1
pursue,3330,1
symptom,3331,1
giddy,3332,1
informs,3333,1
atlantic,3334,1
holding,3335,1
artist,3336,1
contributing,3337,1
assizes,3338,1
attendant,3339,1
laundress,3340,1
astonish,3341,1
depriving,3342,1
examine,3343,1
unlocked,3344,1
bond,3345,1
shyness,3346,1
china,3347,1
heaped,3348,1
cap,3349,1
resting,3350,1
ingenious,3351,1
gunsmith,3352,1
queer,3353,1
funds,3354,1
equity,3355,1
abominate,3356,1
cellars,3357,1
7,3358,1
bending,3359,1
fought,3360,1
aristocratic,3361,1
supposes,3362,1
pair,3363,1
vanquished,3364,1
helped,3365,1
intending,3366,1
pier,3367,1
subsisted,3368,1
forego,3369,1
management,3370,1
cling,3371,1
refreshing,3372,1
petted,3373,1
unprofitable,3374,1
amicable,3375,1
inconsistent,3376,1
formality,3377,1
glossy,3378,1
hot,3379,1
stock,3380,1
testimonies,3381,1
gloucester,3382,1
flattering,3383,1
yeomen,3384,1
steadfast,3385,1
disturbed,3386,1
friday,3387,1
appreciation,3388,1
distresses,3389,1
commonwealth,3390,1
mild,3391,1
issue,3392,1
blinds,3393,1
renting,3394,1
straitened,3395,1
bodies,3396,1
temperament,3397,1
dears,3398,1
frankness,3399,1
rut,3400,1
protected,3401,1
canvass,3402,1
bookish,3403,1
perpetuated,3404,1
purchased,3405,1
clothe,3406,1
cluster,3407,1
refutation,3408,1
bread,3409,1
displaying,3410,1
erring,3411,1
vine,3412,1
create,3413,1
uneventful,3414,1
feebleness,3415,1
umbrellas,3416,1
hopelessness,3417,1
tenantry,3418,1
anticipate,3419,1
mortified,3420,1
deranged,3421,1
rationality,3422,1
riotous,3423,1
reappeared,3424,1
indignantly,3425,1
disengaged,3426,1
scanty,3427,1
satin,3428,1
unlucky,3429,1
elder,3430,1
publicity,3431,1
spell,3432,1
suffers,3433,1
compromising,3434,1
commonplace,3435,1
lay,3436,1
molland,3437,1
precluded,3438,1
heroism,3439,1
gets,3440,1
landholder,3441,1
estimable,3442,1
hardness,3443,1
pitied,3444,1
operated,3445,1
unsafe,3446,1
unwearied,3447,1
stuff,3448,1
fraught,3449,1
glimpses,3450,1
furnishing,3451,1
eleven,3452,1
lake,3453,1
inverted,3454,1
casements,3455,1
manor,3456,1
sympathized,3457,1
1806,3458,1
false,3459,1
swinging,3460,1
lies,3461,1
tremulous,3462,1
tune,3463,1
au,3464,1
grierson,3465,1
rents,3466,1
ancestry,3467,1
attentively,3468,1
deciding,3469,1
unfeudal,3470,1
doted,3471,1
minehead,3472,1
control,3473,1
sickly,3474,1
chooses,3475,1
interposed,3476,1
audibly,3477,1
overflowing,3478,1
unpersuadable,3479,1
dissipations,3480,1
respecting,3481,1
struggled,3482,1
labourers,3483,1
disproportion,3484,1
vehement,3485,1
benefited,3486,1
existing,3487,1
famed,3488,1
levity,3489,1
tables,3490,1
official,3491,1
earn,3492,1
gnawing,3493,1
assembled,3494,1
falling,3495,1
contended,3496,1
revive,3497,1
unimpaired,3498,1
preconcerted,3499,1
greeted,3500,1
tiresome,3501,1
favourer,3502,1
improbable,3503,1
inadvertencies,3504,1
proficient,3505,1
killing,3506,1
courtesies,3507,1
shawl,3508,1
studying,3509,1
proclaim,3510,1
theory,3511,1
amendment,3512,1
religious,3513,1
fresher,3514,1
sacrificing,3515,1
follies,3516,1
unutterable,3517,1
resuming,3518,1
devise,3519,1
eternal,3520,1
senseless,3521,1
overspread,3522,1
ambition,3523,1
heels,3524,1
rare,3525,1
spendthrift,3526,1
constantly,3527,1
undesirableness,3528,1
unwillingly,3529,1
waggons,3530,1
undue,3531,1
performed,3532,1
sauntering,3533,1
ate,3534,1
herald,3535,1
periods,3536,1
assumed,3537,1
hideous,3538,1
fruit,3539,1
individual,3540,1
unalterable,3541,1
excursions,3542,1
blossoms,3543,1
useless,3544,1
confessing,3545,1
adverse,3546,1
desert,3547,1
withdrawing,3548,1
nothings,3549,1
wearisome,3550,1
impartially,3551,1
accurately,3552,1
grievance,3553,1
bespeak,3554,1
faculties,3555,1
sprung,3556,1
exit,3557,1
conjunctions,3558,1
created,3559,1
suspicions,3560,1
barrier,3561,1
hairs,3562,1
springs,3563,1
unembarrassed,3564,1
gives,3565,1
strictest,3566,1
agreeing,3567,1
unknowingly,3568,1
glories,3569,1
netting,3570,1
expedients,3571,1
overbearing,3572,1
avarice,3573,1
comprehension,3574,1
hale,3575,1
skin,3576,1
equipped,3577,1
indebted,3578,1
retract,3579,1
resorted,3580,1
vigorous,3581,1
rouge,3582,1
sighings,3583,1
compunction,3584,1
doubting,3585,1
rationally,3586,1
deprecated,3587,1
forest,3588,1
brightness,3589,1
trays,3590,1
preceded,3591,1
noticing,3592,1
undervalue,3593,1
varnished,3594,1
infatuation,3595,1
fragments,3596,1
elasticity,3597,1
honourably,3598,1
prized,3599,1
18,3600,1
resemble,3601,1
immethodical,3602,1
painfully,3603,1
comforters,3604,1
physician,3605,1
dangers,3606,1
durands,3607,1
gad,3608,1
yearly,3609,1
shapeless,3610,1
elude,3611,1
troubles,3612,1
bathing,3613,1
plea,3614,1
uses,3615,1
heavily,3616,1
kingdom,3617,1
attack,3618,1
inured,3619,1
introducing,3620,1
mouths,3621,1
acres,3622,1
sorrowing,3623,1
indiscreet,3624,1
realized,3625,1
enclosed,3626,1
patents,3627,1
recomposed,3628,1
1800,3629,1
descend,3630,1
explanatory,3631,1
praises,3632,1
accord,3633,1
pore,3634,1
assuming,3635,1
matrimony,3636,1
decisive,3637,1
permanent,3638,1
fors,3639,1
proportion,3640,1
merchandise,3641,1
engrafted,3642,1
negotiation,3643,1
special,3644,1
compressed,3645,1
comforted,3646,1
haggard,3647,1
alliances,3648,1
akin,3649,1
assenting,3650,1
oath,3651,1
dissolved,3652,1
kisses,3653,1
deducting,3654,1
8,3655,1
manage,3656,1
perticular,3657,1
cheshire,3658,1
contiguous,3659,1
glorious,3660,1
withered,3661,1
turnings,3662,1
handwriting,3663,1
mantel,3664,1
proverbs,3665,1
1791,3666,1
toiling,3667,1
foremost,3668,1
strikingly,3669,1
contemptuous,3670,1
urge,3671,1
needful,3672,1
appreciate,3673,1
accomplishment,3674,1
practices,3675,1
m,3676,1
stretched,3677,1
consoling,3678,1
stagnation,3679,1
lifeless,3680,1
experienced,3681,1
chancing,3682,1
damp,3683,1
carpet,3684,1
dealings,3685,1
constructed,3686,1
violated,3687,1
justly,3688,1
signal,3689,1
blotting,3690,1
lodgers,3691,1
hating,3692,1
immortality,3693,1
nosegay,3694,1
1787,3695,1
apples,3696,1
discernment,3697,1
equivalent,3698,1
posted,3699,1
quest,3700,1
brightened,3701,1
thickest,3702,1
judiciously,3703,1
ruins,3704,1
truths,3705,1
shadow,3706,1
poems,3707,1
restoring,3708,1
retarding,3709,1
imperfect,3710,1
alienations,3711,1
retentive,3712,1
disagreement,3713,1
fourth,3714,1
atmosphere,3715,1
requiring,3716,1
recital,3717,1
resettled,3718,1
merciful,3719,1
desperation,3720,1
fearlessness,3721,1
wheedled,3722,1
connecting,3723,1
overtook,3724,1
sparingly,3725,1
loyalty,3726,1
regaling,3727,1
tempt,3728,1
undone,3729,1
rousing,3730,1
inquiry,3731,1
prettiness,3732,1
sympathize,3733,1
unlikely,3734,1
temptation,3735,1
wood,3736,1
outline,3737,1
serve,3738,1
explanations,3739,1
rear,3740,1
taxes,3741,1
attributing,3742,1
dullest,3743,1
restoratives,3744,1
trustiest,3745,1
dash,3746,1
unconvinced,3747,1
unattended,3748,1
explicit,3749,1
summers,3750,1
indisputably,3751,1
scandalous,3752,1
accessions,3753,1
screamed,3754,1
beneficial,3755,1
lobby,3756,1
fervour,3757,1
playful,3758,1
heat,3759,1
susceptible,3760,1
solitariness,3761,1
dignified,3762,1
privations,3763,1
fasten,3764,1
dies,3765,1
prematurely,3766,1
umbrella,3767,1
reduce,3768,1
purse,3769,1
exchange,3770,1
incurious,3771,1
headstrong,3772,1
approves,3773,1
snatched,3774,1
groom,3775,1
sing,3776,1
blowing,3777,1
cutting,3778,1
dropping,3779,1
insertion,3780,1
11,3781,1
recommencing,3782,1
issuing,3783,1
pierce,3784,1
conversant,3785,1
humours,3786,1
generously,3787,1
knight,3788,1
bitterest,3789,1
title,3790,1
conversations,3791,1
offend,3792,1
felicitous,3793,1
oppression,3794,1
forbad,3795,1
dejected,3796,1
submitting,3797,1
reserving,3798,1
including,3799,1
saleable,3800,1
rumours,3801,1
winds,3802,1
darting,3803,1
operate,3804,1
perceiving,3805,1
broad,3806,1
brave,3807,1
grows,3808,1
prescribed,3809,1
unnatural,3810,1
partial,3811,1
whoever,3812,1
assuring,3813,1
wonted,3814,1
fatigued,3815,1
captiously,3816,1
profound,3817,1
deputation,3818,1
ending,3819,1
vary,3820,1
absenting,3821,1
wriggles,3822,1
print,3823,1
aspect,3824,1
stevenson,3825,1
drinks,3826,1
similarity,3827,1
recoverable,3828,1
bursting,3829,1
urgent,3830,1
powder,3831,1
steadiest,3832,1
doubtingly,3833,1
handsomely,3834,1
relators,3835,1
appeased,3836,1
trodden,3837,1
folks,3838,1
exclaim,3839,1
pushed,3840,1
assiduously,3841,1
considerably,3842,1
petty,3843,1
possessions,3844,1
commons,3845,1
preachers,3846,1
characteristic,3847,1
blinding,3848,1
sessions,3849,1
despondency,3850,1
dugdale,3851,1
condescending,3852,1
burden,3853,1
reined,3854,1
admirer,3855,1
preliminary,3856,1
hither,3857,1
compassionate,3858,1
accosted,3859,1
meat,3860,1
musical,3861,1
aye,3862,1
misfortunes,3863,1
housekeepers,3864,1
mixture,3865,1
emendation,3866,1
declares,3867,1
kneel,3868,1
labouring,3869,1
trifled,3870,1
wearied,3871,1
grandchildren,3872,1
gates,3873,1
audible,3874,1
armed,3875,1
blunder,3876,1
prompting,3877,1
revel,3878,1
unemployed,3879,1
usages,3880,1
stretch,3881,1
startle,3882,1
residing,3883,1
gapes,3884,1
ribbon,3885,1
pierced,3886,1
inspire,3887,1
equalling,3888,1
err,3889,1
push,3890,1
wholesome,3891,1
incumbent,3892,1
creditors,3893,1
watches,3894,1
throats,3895,1
neighbouring,3896,1
mahogany,3897,1
profit,3898,1
stockings,3899,1
pausing,3900,1
heartless,3901,1
stead,3902,1
proverbial,3903,1
famous,3904,1
contrive,3905,1
inflicting,3906,1
tolerate,3907,1
spots,3908,1
bordered,3909,1
parsonage,3910,1
revenge,3911,1
premises,3912,1
hears,3913,1
excuses,3914,1
narration,3915,1
broodings,3916,1
humiliating,3917,1
intend,3918,1
expenditure,3919,1
chill,3920,1
pitiable,3921,1
disgraceful,3922,1
green,3923,1
rubbish,3924,1
sum,3925,1
cherish,3926,1
unfledged,3927,1
altering,3928,1
spacious,3929,1
horrible,3930,1
branches,3931,1
tearing,3932,1
gainer,3933,1
reversion,3934,1
firmly,3935,1
objected,3936,1
wherewith,3937,1
admires,3938,1
derived,3939,1
divisions,3940,1
defied,3941,1
saddened,3942,1
endurances,3943,1
conceiving,3944,1
exeter,3945,1
transgressed,3946,1
paths,3947,1
force,3948,1
record,3949,1
untaught,3950,1
velvet,3951,1
tauntingly,3952,1
assistants,3953,1
maintain,3954,1
rivals,3955,1
sympathising,3956,1
stretching,3957,1
acknowledgements,3958,1
studied,3959,1
advise,3960,1
perpetually,3961,1
dance,3962,1
inquiries,3963,1
hotel,3964,1
sultaness,3965,1
afloat,3966,1
protegee,3967,1
humbler,3968,1
languor,3969,1
resigned,3970,1
sung,3971,1
streightens,3972,1
revolts,3973,1
deceived,3974,1
enquirer,3975,1
probabilities,3976,1
urgency,3977,1
insinuating,3978,1
reasons,3979,1
e,3980,1
stealing,3981,1
dint,3982,1
wainscot,3983,1
teeth,3984,1
dependencies,3985,1
finishing,3986,1
compact,3987,1
fickleness,3988,1
dispel,3989,1
23,3990,1
affords,3991,1
misconceived,3992,1
spine,3993,1
cripple,3994,1
entangled,3995,1
proposing,3996,1
inaccessible,3997,1
military,3998,1
sources,3999,1
cleansed,4000,1
gladden,4001,1
perfume,4002,1
finery,4003,1
dispensation,4004,1
amazingly,4005,1
equals,4006,1
whispers,4007,1
plague,4008,1
arguing,4009,1
pretending,4010,1
suavity,4011,1
forbearing,4012,1
fare,4013,1
internally,4014,1
ordering,4015,1
borough,4016,1
ends,4017,1
hesitate,4018,1
predicament,4019,1
bare,4020,1
hysterics,4021,1
check,4022,1
profess,4023,1
withholding,4024,1
cruise,4025,1
pavements,4026,1
expedient,4027,1
pacing,4028,1
possessing,4029,1
encountered,4030,1
emma,4031,1
suspend,4032,1
fastidiousness,4033,1
injurious,4034,1
placid,4035,1
leaned,4036,1
disquiet,4037,1
gloom,4038,1
recognition,4039,1
cheerless,4040,1
apprehensive,4041,1
detail,4042,1
regulated,4043,1
dying,4044,1
memorandums,4045,1
commanders,4046,1
summit,4047,1
eventually,4048,1
forgetful,4049,1
guile,4050,1
broke,4051,1
professing,4052,1
persuadable,4053,1
accompanied,4054,1
complication,4055,1
headed,4056,1
depending,4057,1
unvarying,4058,1
painters,4059,1
scrawl,4060,1
plainly,4061,1
intimation,4062,1
weakening,4063,1
wishers,4064,1
anxieties,4065,1
verses,4066,1
envied,4067,1
prey,4068,1
legacy,4069,1
dripping,4070,1
cordials,4071,1
impeaching,4072,1
pitch,4073,1
document,4074,1
certify,4075,1
varied,4076,1
defective,4077,1
beckoning,4078,1
domingo,4079,1
endeavouring,4080,1
length,4081,1
fed,4082,1
farewell,4083,1
reins,4084,1
sorrowful,4085,1
attends,4086,1
fainter,4087,1
obligated,4088,1
carelessness,4089,1
affecting,4090,1
cliff,4091,1
restorative,4092,1
affront,4093,1
discoveries,4094,1
producing,4095,1
tight,4096,1
affronted,4097,1
duodecimo,4098,1
expose,4099,1
deplorable,4100,1
diverting,4101,1
discovered,4102,1
insensibility,4103,1
darings,4104,1
repossessed,4105,1
secondary,4106,1
integrity,4107,1
authorise,4108,1
tawny,4109,1
distrusted,4110,1
wrinkles,4111,1
intimates,4112,1
lamented,4113,1
deprived,4114,1
romancing,4115,1
recognise,4116,1
distinct,4117,1
relinquishment,4118,1
executor,4119,1
practised,4120,1
incalculable,4121,1
envelope,4122,1
lansdown,4123,1
surname,4124,1
indenture,4125,1
accuse,4126,1
pooles,4127,1
offended,4128,1
invaluable,4129,1
consultations,4130,1
dimming,4131,1
receipt,4132,1
printer,4133,1
prevents,4134,1
dismembered,4135,1
captivate,4136,1
swears,4137,1
hazel,4138,1
slip,4139,1
release,4140,1
changing,4141,1
sobering,4142,1
reclaimed,4143,1
excepted,4144,1
sink,4145,1
foretold,4146,1
selection,4147,1
inspired,4148,1
insulted,4149,1
scolded,4150,1
disturb,4151,1
lighted,4152,1
contrast,4153,1
deed,4154,1
heartiness,4155,1
trafalgar,4156,1
disingenuous,4157,1
dispose,4158,1
inlaid,4159,1
nuts,4160,1
lavish,4161,1
cavil,4162,1
labour,4163,1
hinted,4164,1
carts,4165,1
ensured,4166,1
intervention,4167,1
muffin,4168,1
vanished,4169,1
dusk,4170,1
baronetcies,4171,1
kinds,4172,1
unsoftened,4173,1
rubbed,4174,1
quieted,4175,1
extraordinarily,4176,1
persisting,4177,1
revelled,4178,1
flowing,4179,1
persevered,4180,1
incurable,4181,1
governed,4182,1
notion,4183,1
provide,4184,1
recurring,4185,1
mercy,4186,1
rambling,4187,1
associate,4188,1
extravagance,4189,1
treating,4190,1
literary,4191,1
atkinson,4192,1
publicly,4193,1
reap,4194,1
acre,4195,1
dwelling,4196,1
footpath,4197,1
genteel,4198,1
defy,4199,1
excluded,4200,1
devoured,4201,1
defeating,4202,1
disfavour,4203,1
extended,4204,1
hushed,4205,1
quarrelled,4206,1
treading,4207,1
reports,4208,1
retrace,4209,1
3,4210,1
million,4211,1
tyranny,4212,1
ungrateful,4213,1
stupidity,4214,1
trained,4215,1
thanks,4216,1
latest,4217,1
separated,4218,1
sturdy,4219,1
affronts,4220,1
seize,4221,1
bustle,4222,1
corpse,4223,1
tea,4224,1
toward,4225,1
equalled,4226,1
alterations,4227,1
avert,4228,1
kindled,4229,1
morality,4230,1
january,4231,1
retracted,4232,1
hemmed,4233,1
meanwhile,4234,1
clearer,4235,1
sedentary,4236,1
balance,4237,1
feign,4238,1
ploughs,4239,1
robust,4240,1
anticipation,4241,1
marking,4242,1
13,4243,1
unsuspicious,4244,1
commanding,4245,1
rode,4246,1
witness,4247,1
sophys,4248,1
disadvantages,4249,1
unobjectionable,4250,1
assistant,4251,1
unexceptionable,4252,1
indulges,4253,1
enforce,4254,1
brawn,4255,1
numbers,4256,1
omission,4257,1
missing,4258,1
examination,4259,1
paced,4260,1
singleness,4261,1
destiny,4262,1
recognising,4263,1
verse,4264,1
clink,4265,1
hollow,4266,1
crown,4267,1
residents,4268,1
wont,4269,1
shelf,4270,1
destruction,4271,1
sweeps,4272,1
import,4273,1
sway,4274,1
narratives,4275,1
significance,4276,1
calculate,4277,1
thoughtfulness,4278,1
cheerfullest,4279,1
beings,4280,1
glued,4281,1
destroy,4282,1
test,4283,1
lasted,4284,1
inexcusable,4285,1
rupture,4286,1
below,4287,1
granted,4288,1
annual,4289,1
mature,4290,1
justness,4291,1
ambitious,4292,1
easterly,4293,1
sufferer,4294,1
laws,4295,1
feels,4296,1
maintenance,4297,1
oral,4298,1
1st,4299,1
irrational,4300,1
gratefully,4301,1
dearest,4302,1
inexhaustible,4303,1
headache,4304,1
stands,4305,1
sentimental,4306,1
perforce,4307,1
againsts,4308,1
revolution,4309,1
contradicted,4310,1
german,4311,1
managing,4312,1
necessaries,4313,1
endowed,4314,1
surrounding,4315,1
blameless,4316,1
maclean,4317,1
channel,4318,1
fund,4319,1
crime,4320,1
burn,4321,1
undertook,4322,1
mediterranean,4323,1
variations,4324,1
project,4325,1
accent,4326,1
caressed,4327,1
net,4328,1
purification,4329,1
tunbridge,4330,1
beautifying,4331,1
tempting,4332,1
starts,4333,1
pallid,4334,1
forgetfulness,4335,1
emboldened,4336,1
taught,4337,1
tastes,4338,1
pies,4339,1
approve,4340,1
fork,4341,1
countries,4342,1
image,4343,1
disliked,4344,1
tenderest,4345,1
correctness,4346,1
brand,4347,1
attempting,4348,1
protestations,4349,1
welfare,4350,1
plighted,4351,1
speedy,4352,1
solicitation,4353,1
multiply,4354,1
decencies,4355,1
unprosperous,4356,1
refer,4357,1
quieter,4358,1
possessor,4359,1
youthful,4360,1
plumpness,4361,1
restore,4362,1
expressive,4363,1
enlargement,4364,1
license,4365,1
inattention,4366,1
wasted,4367,1
shade,4368,1
painting,4369,1
transgressions,4370,1
gifts,4371,1
permitted,4372,1
knit,4373,1
methods,4374,1
testify,4375,1
kicking,4376,1
weasel,4377,1
boatmen,4378,1
thoughtlessness,4379,1
deplore,4380,1
ninety,4381,1
striking,4382,1
obtaining,4383,1
19,4384,1
agent,4385,1
legs,4386,1
interrupting,4387,1
teach,4388,1
payment,4389,1
level,4390,1
dung,4391,1
romance,4392,1
bride,4393,1
allusions,4394,1
sounding,4395,1
unison,4396,1
surmounting,4397,1
slam,4398,1
hammer,4399,1
supplement,4400,1
musician,4401,1
obtain,4402,1
passports,4403,1
topic,4404,1
approachable,4405,1
prettier,4406,1
favourably,4407,1
associates,4408,1
repeat,4409,1
clinging,4410,1
non,4411,1
bye,4412,1
delivered,4413,1
humouredly,4414,1
breath,4415,1
staggering,4416,1
saturday,4417,1
supplanted,4418,1
judges,4419,1
brilliant,4420,1
murmur,4421,1
rat,4422,1
wretchedly,4423,1
spicers,4424,1
urging,4425,1
consciously,4426,1
beauties,4427,1
prompt,4428,1
estranged,4429,1
noon,4430,1
steep,4431,1
pattens,4432,1
plight,4433,1
detailed,4434,1
succession,4435,1
needed,4436,1
province,4437,1
determine,4438,1
chatted,4439,1
disagrees,4440,1
discharging,4441,1
employing,4442,1
danced,4443,1
histories,4444,1
stopping,4445,1
harry,4446,1
security,4447,1
faring,4448,1
courting,4449,1
priced,4450,1
dislocated,4451,1
compelled,4452,1
syllable,4453,1
enviable,4454,1
precepts,4455,1
include,4456,1
contentment,4457,1
fraternal,4458,1
impressed,4459,1
squareness,4460,1
soothe,4461,1
watchman,4462,1
shelter,4463,1
describing,4464,1
shift,4465,1
milkmen,4466,1
convictions,4467,1
diminished,4468,1
inheriting,4469,1
anchorage,4470,1
conducted,4471,1
spurned,4472,1
soft,4473,1
accidental,4474,1
daylight,4475,1
fling,4476,1
longest,4477,1
investigate,4478,1
guilty,4479,1
enclosures,4480,1
attractive,4481,1
unworthily,4482,1
amends,4483,1
eclat,4484,1
machines,4485,1
credible,4486,1
ennoble,4487,1
horsepond,4488,1
suspended,4489,1
conjecture,4490,1
placing,4491,1
sunshine,4492,1
formidable,4493,1
gold,4494,1
becomingly,4495,1
younker,4496,1
representatives,4497,1
nevertheless,4498,1
10,4499,1
unforgiving,4500,1
illiberal,4501,1
outer,4502,1
robbing,4503,1
decrepitude,4504,1
betray,4505,1
riding,4506,1
whither,4507,1
ride,4508,1
fright,4509,1
refrain,4510,1
nicety,4511,1
opposer,4512,1
unfelt,4513,1
committed,4514,1
fait,4515,1
describe,4516,1
equality,4517,1
unaccountable,4518,1
deficiency,4519,1
chimney,4520,1
freehold,4521,1
orange,4522,1
indignant,4523,1
served,4524,1
pervading,4525,1
miserable,4526,1
cake,4527,1
jealousies,4528,1
embellishment,4529,1
personage,4530,1
sealed,4531,1
wandering,4532,1
toilsome,4533,1
sameness,4534,1
29th,4535,1
resources,4536,1
retrospections,4537,1
earnestness,4538,1
bursts,4539,1
contrivances,4540,1
transformed,4541,1
faltering,4542,1
vestibule,4543,1
rose,4544,1
luckily,4545,1
spoils,4546,1
solemnly,4547,1
tapping,4548,1
throughout,4549,1
authentic,4550,1
frequenting,4551,1
valet,4552,1
glare,4553,1
works,4554,1
zealously,4555,1
abbreviation,4556,1
blighted,4557,1
vouch,4558,1
atonement,4559,1
slightingly,4560,1
prudence,4561,1
inimical,4562,1
intervening,4563,1
comprehended,4564,1
unvisited,4565,1
protests,4566,1
acquitted,4567,1
borders,4568,1
frosty,4569,1
neck,4570,1
lameness,4571,1
apologised,4572,1
offspring,4573,1
essentials,4574,1
lesson,4575,1
partner,4576,1
speculations,4577,1
advanced,4578,1
dirt,4579,1
abominates,4580,1
bough,4581,1
dropt,4582,1
endeavours,4583,1
wight,4584,1
fires,4585,1
lofty,4586,1
lists,4587,1
sell,4588,1
flag,4589,1
closer,4590,1
fetching,4591,1
chattering,4592,1
expensive,4593,1
stable,4594,1
frosts,4595,1
creation,4596,1
rule,4597,1
despair,4598,1
resume,4599,1
patronised,4600,1
endurable,4601,1
outwardly,4602,1
narrow,4603,1
whine,4604,1
faithful,4605,1
foresaw,4606,1
mirrors,4607,1
grove,4608,1
alternatives,4609,1
paternal,4610,1
indulged,4611,1
abstraction,4612,1
today,4613,1
silenced,4614,1
gross,4615,1
pure,4616,1
superfine,4617,1
electrified,4618,1
defended,4619,1
cushions,4620,1
respective,4621,1
cork,4622,1
rains,4623,1
brow,4624,1
quivering,4625,1
bustles,4626,1
climes,4627,1
dismissal,4628,1
nursed,4629,1
tenements,4630,1
shifted,4631,1
tradespeople,4632,1
devoting,4633,1
flirting,4634,1
acquittal,4635,1
torn,4636,1
imperiously,4637,1
surface,4638,1
forwardness,4639,1
preside,4640,1
sour,4641,1
smokes,4642,1
skirting,4643,1
indulge,4644,1
repack,4645,1
chambers,4646,1
desirableness,4647,1
bowing,4648,1
rules,4649,1
repulsively,4650,1
enumeration,4651,1
ingratitude,4652,1
reduction,4653,1
housekeeping,4654,1
frankland,4655,1
privilege,4656,1
harassing,4657,1
dances,4658,1
bermuda,4659,1
according,4660,1
maids,4661,1
nephew,4662,1
misapprehension,4663,1
unheard,4664,1
bush,4665,1
winters,4666,1
gown,4667,1
barely,4668,1
speeches,4669,1
6,4670,1
4,4671,1
prior,4672,1
occasioning,4673,1
thankfulness,4674,1
queen,4675,1
embellishments,4676,1
umpire,4677,1
incumbrance,4678,1
reprehensible,4679,1
contributed,4680,1
harmony,4681,1
representative,4682,1
jar,4683,1
impart,4684,1
resented,4685,1
threatenings,4686,1
aunts,4687,1
spoil,4688,1
soldiers,4689,1
disdainful,4690,1
escorted,4691,1
governor,4692,1
reverses,4693,1
freedom,4694,1
clumsy,4695,1
bestowed,4696,1
lieve,4697,1
knees,4698,1
shudderings,4699,1
accommodating,4700,1
risen,4701,1
hazard,4702,1
calculates,4703,1
f,4704,1
mechanically,4705,1
mindful,4706,1
medicine,4707,1
shoot,4708,1
perplexed,4709,1
pulteney,4710,1
principals,4711,1
unusual,4712,1
incapable,4713,1
ardent,4714,1
scornfully,4715,1
unprejudiced,4716,1
native,4717,1
treaty,4718,1
marmion,4719,1
continue,4720,1
fatal,4721,1
feelingly,4722,1
greenhouse,4723,1
coloured,4724,1
fruitless,4725,1
urged,4726,1
elbow,4727,1
suddenness,4728,1
supportable,4729,1
unabsurd,4730,1
ibbotsons,4731,1
reverie,4732,1
dividing,4733,1
folded,4734,1
understands,4735,1
ungenteel,4736,1
shorter,4737,1
contradictory,4738,1
procuring,4739,1
unobservant,4740,1
omitting,4741,1
delusion,4742,1
owing,4743,1
unluckily,4744,1
spoiled,4745,1
tears,4746,1
suitably,4747,1
doubtless,4748,1
unsettled,4749,1
wings,4750,1
scarecrows,4751,1
cultivation,4752,1
carrying,4753,1
consigned,4754,1
sarcastically,4755,1
eligibilities,4756,1
honest,4757,1
advisable,4758,1
attacks,4759,1
bahama,4760,1
gravel,4761,1
austen,4762,1
behave,4763,1
restless,4764,1
tressels,4765,1
intrude,4766,1
avoidance,4767,1
variance,4768,1
sheet,4769,1
distracting,4770,1
abuse,4771,1
contusion,4772,1
quotation,4773,1
mortgage,4774,1
ingenuity,4775,1
screened,4776,1
condescend,4777,1
sufficiently,4778,1
doubted,4779,1
thread,4780,1
parental,4781,1
elevate,4782,1
boast,4783,1
hurricane,4784,1
alternation,4785,1
anguish,4786,1
readers,4787,1
suppositions,4788,1
objections,4789,1
serving,4790,1
disengaging,4791,1
abdication,4792,1
semblance,4793,1
insinuations,4794,1
betimes,4795,1
prettiest,4796,1
violence,4797,1
confessed,4798,1
bruise,4799,1
regain,4800,1
puzzling,4801,1
bridge,4802,1
unlooked,4803,1
orchard,4804,1
arranger,4805,1
teazing,4806,1
ascending,4807,1
communications,4808,1
sighs,4809,1
2,4810,1
quicken,4811,1
deplored,4812,1
stupid,4813,1
imitation,4814,1
estimation,4815,1
excessive,4816,1
gratifying,4817,1
hair,4818,1
reddening,4819,1
wreck,4820,1
insisted,4821,1
substitution,4822,1
overwhelmed,4823,1
joins,4824,1
futurity,4825,1
blunders,4826,1
silk,4827,1
irritable,4828,1
comfortless,4829,1
abominable,4830,1
poisonous,4831,1
incurred,4832,1
pages,4833,1
mindedness,4834,1
exceeding,4835,1
mystery,4836,1
1810,4837,1
misty,4838,1
desolate,4839,1
blains,4840,1
wrist,4841,1
purchase,4842,1
cart,4843,1
expedited,4844,1
infuse,4845,1
wealthy,4846,1
eighty,4847,1
roaring,4848,1
satisfactory,4849,1
meditation,4850,1
inducement,4851,1
withdrawn,4852,1
14,4853,1
stays,4854,1
clifton,4855,1
scissors,4856,1
bulky,4857,1
debts,4858,1
proprietors,4859,1
hang,4860,1
sparrows,4861,1
keys,4862,1
heats,4863,1
harasses,4864,1
inequality,4865,1
depends,4866,1
1814,4867,1
embarrass,4868,1
powerless,4869,1
speechless,4870,1
precaution,4871,1
worsting,4872,1
unsolicitous,4873,1
male,4874,1
incumbrances,4875,1
baths,4876,1
imperfection,4877,1
simplicity,4878,1
disrespectful,4879,1
apart,4880,1
sighing,4881,1
charities,4882,1
escaping,4883,1
discriminating,4884,1
immense,4885,1
interruption,4886,1
crape,4887,1
expressing,4888,1
indisposed,4889,1
march,4890,1
tolerated,4891,1
replaced,4892,1
pace,4893,1
prided,4894,1
excellently,4895,1
combat,4896,1
mad,4897,1
unwise,4898,1
patiently,4899,1
plaguing,4900,1
mourner,4901,1
mood,4902,1
varying,4903,1
harder,4904,1
inhumanity,4905,1
finis,4906,1
player,4907,1
collections,4908,1
stuck,4909,1
unrivalled,4910,1
moderation,4911,1
national,4912,1
scientific,4913,1
laugh,4914,1
trinkets,4915,1
nameless,4916,1
switch,4917,1
counted,4918,1
inadvertence,4919,1
unhappiness,4920,1
misuse,4921,1
resolving,4922,1
ceremonious,4923,1
falter,4924,1
solemnity,4925,1
resentful,4926,1
affluent,4927,1
front,4928,1
positively,4929,1
likeness,4930,1
mischievous,4931,1
sheep,4932,1
inexpressibly,4933,1
banished,4934,1
anecdotes,4935,1
archly,4936,1
banish,4937,1
introductions,4938,1
ultimate,4939,1
blindness,4940,1
teasing,4941,1
trusting,4942,1
preach,4943,1
accession,4944,1
fatigues,4945,1
wisdom,4946,1
neatness,4947,1
perfections,4948,1
backed,4949,1
overthrow,4950,1
thrill,4951,1
flurried,4952,1
contracted,4953,1
separations,4954,1
isle,4955,1
originated,4956,1
cupboards,4957,1
patronize,4958,1
racks,4959,1
insincerity,4960,1
romantic,4961,1
1818,4962,1
deviated,4963,1
capes,4964,1
blind,4965,1
wm,4966,1
sun,4967,1
uncommon,4968,1
keen,4969,1
1784,4970,1
publish,4971,1
bewitched,4972,1
amusements,4973,1
striving,4974,1
diversified,4975,1
generation,4976,1
reckon,4977,1
disincline,4978,1
rigid,4979,1
encouragement,4980,1
noisy,4981,1
condemning,4982,1
cot,4983,1
provocation,4984,1
acute,4985,1
officious,4986,1
tremulously,4987,1
indistinctness,4988,1
tale,4989,1
expressly,4990,1
misconstruction,4991,1
evade,4992,1
callers,4993,1
glee,4994,1
differ,4995,1
evenings,4996,1
repaid,4997,1
plainer,4998,1
insipid,4999,1
inaction,5000,1
reddened,5001,1
designed,5002,1
century,5003,1
embargo,5004,1
ungracious,5005,1
comprise,5006,1
shakes,5007,1
flat,5008,1
misconduct,5009,1
spelt,5010,1
plunged,5011,1
incessant,5012,1
cost,5013,1
depression,5014,1
discomfited,5015,1
reality,5016,1
proprieties,5017,1
killed,5018,1
soothing,5019,1
rumble,5020,1
smoking,5021,1
irremediable,5022,1
labours,5023,1
impose,5024,1
unfastened,5025,1
farthing,5026,1
madness,5027,1
merged,5028,1
astray,5029,1
modify,5030,1
canvassed,5031,1
causes,5032,1
detected,5033,1
louise,5034,1
headship,5035,1
defying,5036,1
premature,5037,1
despondence,5038,1
stream,5039,1
render,5040,1
contained,5041,1
popular,5042,1
original,5043,1
sleep,5044,1
imbibed,5045,1
brown,5046,1
represent,5047,1
wary,5048,1
bitterness,5049,1
choicest,5050,1
surveyor,5051,1
hazarded,5052,1
dissent,5053,1
juncture,5054,1
weathered,5055,1
candid,5056,1
seating,5057,1
inconstancy,5058,1
defiance,5059,1
occasional,5060,1
regulating,5061,1
bears,5062,1
streights,5063,1
allowing,5064,1
uncertainty,5065,1
kindle,5066,1
adieu,5067,1
poured,5068,1
bruises,5069,1
slowly,5070,1
transmitted,5071,1
assuage,5072,1
stiles,5073,1
awake,5074,1
attribute,5075,1
incommoded,5076,1
entertainment,5077,1
indispensable,5078,1
completed,5079,1
finale,5080,1
shaken,5081,1
handed,5082,1
counteracting,5083,1
heyday,5084,1
manoeuvred,5085,1
paltry,5086,1
plaster,5087,1
speedily,5088,1
mistaking,5089,1
briefly,5090,1
closet,5091,1
maturity,5092,1
obscure,5093,1
ejaculations,5094,1
frights,5095,1
cheap,5096,1
1785,5097,1
sunny,5098,1
heirs,5099,1
1789,5100,1
flagrant,5101,1
concealments,5102,1
extinguish,5103,1
ascended,5104,1
imprisonment,5105,1
fathers,5106,1
pathetic,5107,1
association,5108,1
bawling,5109,1
adopt,5110,1
lowest,5111,1
unexpectedly,5112,1
retiring,5113,1
ii,5114,1
beside,5115,1
consultation,5116,1
rallied,5117,1
owners,5118,1
bewildering,5119,1
contemptible,5120,1
wrapt,5121,1
social,5122,1
unbecoming,5123,1
augmented,5124,1
duplicity,5125,1
unbending,5126,1
rates,5127,1
occurring,5128,1
insolence,5129,1
grandfather,5130,1
civilly,5131,1
loveliest,5132,1
comprehensible,5133,1
singularity,5134,1
airs,5135,1
tempers,5136,1
congratulated,5137,1
effort,5138,1
sides,5139,1
representations,5140,1
annexed,5141,1
cheer,5142,1
disposes,5143,1
glanced,5144,1
treasures,5145,1
superficial,5146,1
disobliging,5147,1
ears,5148,1
perpetrated,5149,1
stout,5150,1
refinement,5151,1
earth,5152,1
rapidly,5153,1
bathed,5154,1
trespass,5155,1
solid,5156,1
littlenesses,5157,1
broadest,5158,1
applicant,5159,1
heave,5160,1
unreservedly,5161,1
owned,5162,1
assorting,5163,1
exchanged,5164,1
refresh,5165,1
slender,5166,1
food,5167,1
square,5168,1
medical,5169,1
digress,5170,1
barrel,5171,1
knife,5172,1
tenacious,5173,1
noted,5174,1
condescended,5175,1
cuts,5176,1
authorising,5177,1
shows,5178,1
timidity,5179,1
preserves,5180,1
submissive,5181,1
ponder,5182,1
balanced,5183,1
dearly,5184,1
covet,5185,1
islands,5186,1
guests,5187,1
solution,5188,1
subtleties,5189,1
overturned,5190,1
cordially,5191,1
reported,5192,1
partly,5193,1
miserably,5194,1
professionally,5195,1
fascination,5196,1
sheriff,5197,1
flushed,5198,1
sundays,5199,1
critical,5200,1
swear,5201,1
adapted,5202,1
graciousness,5203,1
inimitable,5204,1
route,5205,1
mar,5206,1
deliberation,5207,1
avail,5208,1
superiorities,5209,1
successful,5210,1
welcoming,5211,1
fortunately,5212,1
shrubbery,5213,1
disclosed,5214,1
existed,5215,1
surmised,5216,1
unconsidered,5217,1
thence,5218,1
sheweth,5219,1
respectably,5220,1
superiors,5221,1
rejected,5222,1
marshal,5223,1
debates,5224,1
quantity,5225,1
enjoying,5226,1
maker,5227,1
energy,5228,1
preserver,5229,1
source,5230,1
manoeuvres,5231,1
defend,5232,1
growth,5233,1
unreasonableness,5234,1
tribute,5235,1
frequently,5236,1
handsomest,5237,1
instinct,5238,1
poignant,5239,1
welcomed,5240,1
indecision,5241,1
selves,5242,1
indecisive,5243,1
mightily,5244,1
mend,5245,1
instruction,5246,1
bespoke,5247,1
guilt,5248,1
desperate,5249,1
recapitulation,5250,1
chasms,5251,1
associated,5252,1
disadvantage,5253,1
foreboding,5254,1
contemptuously,5255,1
fly,5256,1
consulting,5257,1
screen,5258,1
vacancies,5259,1
slighting,5260,1
fishing,5261,1
junction,5262,1
profitable,5263,1
familiar,5264,1
absurdity,5265,1
obviously,5266,1
1760,5267,1
sized,5268,1
unacknowledged,5269,1
assert,5270,1
warning,5271,1
governing,5272,1
fortify,5273,1
commonest,5274,1
inconsolable,5275,1
sharing,5276,1
passer,5277,1
dreamt,5278,1
enthusiast,5279,1
prepossession,5280,1
acceptance,5281,1
trifling,5282,1
wednesday,5283,1
obtrusiveness,5284,1
recanting,5285,1
knot,5286,1
soldier,5287,1
thames,5288,1
rewards,5289,1
denial,5290,1
shelves,5291,1
renew,5292,1
chairs,5293,1
wells,5294,1
advertised,5295,1
beach,5296,1
impassioned,5297,1
smarting,5298,1
dawning,5299,1
collection,5300,1
blinded,5301,1
confidential,5302,1
sweeter,5303,1
dawdling,5304,1
faced,5305,1
shaking,5306,1
accompanying,5307,1
grey,5308,1
hide,5309,1
workmen,5310,1
considers,5311,1
shudder,5312,1
exaggeration,5313,1
behold,5314,1
alertness,5315,1
guarding,5316,1
sprang,5317,1
reprobates,5318,1
inhabit,5319,1
unfavourable,5320,1
ribbons,5321,1
gadding,5322,1
expedition,5323,1
indelible,5324,1
countenances,5325,1
implying,5326,1
requisitions,5327,1
reconciled,5328,1
crow,5329,1
inexpensive,5330,1
clearing,5331,1
historian,5332,1
exalt,5333,1
confer,5334,1
notoriety,5335,1
provoked,5336,1
unperplexed,5337,1
imaged,5338,1
completion,5339,1
undeviating,5340,1
lighten,5341,1
rheumatic,5342,1
defer,5343,1
testimony,5344,1
prejudices,5345,1
thoughtless,5346,1
consumed,5347,1
leg,5348,1
requited,5349,1
sinner,5350,1
subdued,5351,1
blooded,5352,1
leaf,5353,1
particularity,5354,1
lace,5355,1
medium,5356,1
linger,5357,1
uncle,5358,1
strafford,5359,1
anyone,5360,1
salts,5361,1
misunderstood,5362,1
triumphantly,5363,1
nettles,5364,1
entitle,5365,1
arise,5366,1
library,5367,1
slightly,5368,1
disfigured,5369,1
fields,5370,1
secrets,5371,1
emulating,5372,1
shaving,5373,1
beautifier,5374,1
reckoned,5375,1
courtships,5376,1
felicities,5377,1
advancing,5378,1
dissipated,5379,1
strenuous,5380,1
shining,5381,1
reseated,5382,1
sonnet,5383,1
lateness,5384,1
grandmamma,5385,1
shoulder,5386,1
quarrelling,5387,1
judgements,5388,1
overlooking,5389,1
cockleshell,5390,1
sobs,5391,1
obstinacy,5392,1
mankind,5393,1
stolen,5394,1
multitude,5395,1
groups,5396,1
spontaneously,5397,1
acquisition,5398,1
overtures,5399,1
idly,5400,1
indubitable,5401,1
prophesied,5402,1
heaviest,5403,1
rector,5404,1
possibilities,5405,1
relieve,5406,1
enforced,5407,1
contents,5408,1
baited,5409,1
astonishing,5410,1
22,5411,1
gleaning,5412,1
tattersall,5413,1
shops,5414,1
couples,5415,1
violation,5416,1
reminded,5417,1
brethren,5418,1
resolved,5419,1
ugly,5420,1
jesting,5421,1
abundance,5422,1
swept,5423,1
attract,5424,1
imagining,5425,1
letting,5426,1
z,5427,1
woody,5428,1
refute,5429,1
rushed,5430,1
mortify,5431,1
frost,5432,1
blow,5433,1
retain,5434,1
regards,5435,1
barouche,5436,1
inserting,5437,1
pale,5438,1
seemingly,5439,1
lawns,5440,1
member,5441,1
ailed,5442,1
assume,5443,1
newest,5444,1
unformed,5445,1
1803,5446,1
hurrying,5447,1
favourites,5448,1
upwards,5449,1
lowering,5450,1
ll,5451,1
unconsciousness,5452,1
contractions,5453,1
renter,5454,1
injunctions,5455,1
empowered,5456,1
brief,5457,1
pacify,5458,1
resembling,5459,1
seizure,5460,1
gratify,5461,1
strangest,5462,1
infected,5463,1
duplicate,5464,1
elizabeths,5465,1
squares,5466,1
advance,5467,1
tasting,5468,1
tease,5469,1
popularity,5470,1
pardonable,5471,1
stares,5472,1
lifting,5473,1
stopt,5474,1
extant,5475,1
shipwrecked,5476,1
luxuriant,5477,1
memoirs,5478,1
supplies,5479,1
viewed,5480,1
rating,5481,1
denoted,5482,1
assurances,5483,1
opposing,5484,1
implicit,5485,1
felow,5486,1
undesirable,5487,1
hates,5488,1
grand,5489,1
eyed,5490,1
jumping,5491,1
reciprocal,5492,1
insisting,5493,1
temple,5494,1
homage,5495,1
repulsive,5496,1
whereabouts,5497,1
dinings,5498,1
mountains,5499,1
unmodernized,5500,1
bequeath,5501,1
gift,5502,1
qualities,5503,1
17,5504,1
gloomy,5505,1
caprice,5506,1
toys,5507,1
descried,5508,1
approving,5509,1
deposited,5510,1
delayed,5511,1
discussed,5512,1
bled,5513,1
puncture,5514,1
plausible,5515,1
obstinate,5516,1
crescent,5517,1
personableness,5518,1
retreating,5519,1
printshop,5520,1
newspapermen,5521,1
confide,5522,1
augur,5523,1
impetuosity,5524,1
privileged,5525,1
grossly,5526,1
unpacked,5527,1
bend,5528,1
politicians,5529,1
disinclination,5530,1
actuated,5531,1
allowable,5532,1
wealth,5533,1
decides,5534,1
connect,5535,1
scheherazade,5536,1
hey,5537,1
incompatible,5538,1
bitterly,5539,1
feature,5540,1
allayed,5541,1
impediment,5542,1
unpremeditated,5543,1
projecting,5544,1
complicate,5545,1
pockets,5546,1
freshness,5547,1
abide,5548,1
signify,5549,1
contemplating,5550,1
carelessly,5551,1
reluctance,5552,1
grass,5553,1
discreet,5554,1
admiralty,5555,1
brook,5556,1
carefully,5557,1
cottagers,5558,1
trent,5559,1
captures,5560,1
rejoined,5561,1
advertise,5562,1
retirement,5563,1
resemblance,5564,1
inure,5565,1
nose,5566,1
marys,5567,1
24,5568,1
remnant,5569,1
likelihood,5570,1
minded,5571,1
sidmouth,5572,1
steeper,5573,1
hid,5574,1
subsequent,5575,1
drays,5576,1
retrenching,5577,1
trash,5578,1
reprieve,5579,1
privateers,5580,1
disabled,5581,1
statement,5582,1
claiming,5583,1
unimportant,5584,1
poets,5585,1
equipage,5586,1
comprised,5587,1
stern,5588,1
tidings,5589,1
unsisterly,5590,1
prone,5591,1
details,5592,1
reader,5593,1
miniature,5594,1
ostentatiously,5595,1
simpleton,5596,1
footsteps,5597,1
treason,5598,1
bold,5599,1
seated,5600,1
brotherliness,5601,1
grandfathers,5602,1
collects,5603,1
clerks,5604,1
glass,5605,1
remonstrance,5606,1
disgusting,5607,1
avoiding,5608,1
misconstructions,5609,1
heedlessness,5610,1
tranquillized,5611,1
sequestration,5612,1
alienable,5613,1
pinny,5614,1
error,5615,1
landaulette,5616,1
unreasonable,5617,1
summarily,5618,1
exclamation,5619,1
impressively,5620,1
sportsmen,5621,1
voluntary,5622,1
hesitatingly,5623,1
concussion,5624,1
vext,5625,1
retrenchment,5626,1
unreasonably,5627,1
commissioned,5628,1
incomprehensible,5629,1
unshackled,5630,1
boldly,5631,1
glimpse,5632,1
lame,5633,1
brightening,5634,1
abydos,5635,1
unfolding,5636,1
confided,5637,1
admirably,5638,1
cook,5639,1
thoroughfare,5640,1
loving,5641,1
despised,5642,1
dorsetshire,5643,1
sedulously,5644,1
conception,5645,1
images,5646,1
movements,5647,1
instrumental,5648,1
breathings,5649,1
accused,5650,1
persuasions,5651,1
offers,5652,1
dressy,5653,1
instantaneously,5654,1
corresponding,5655,1
pleases,5656,1
failure,5657,1
endangering,5658,1
lip,5659,1
approaching,5660,1
woe,5661,1
grievances,5662,1
originals,5663,1
oddly,5664,1
genius,5665,1
transposed,5666,1
counterbalance,5667,1
conceited,5668,1
deficiencies,5669,1
lectures,5670,1
schoolmaster,5671,1
december,5672,1
branch,5673,1
harden,5674,1
rally,5675,1
horribly,5676,1
willingness,5677,1
holly,5678,1
hedges,5679,1
needles,5680,1
indicate,5681,1
rapture,5682,1
arranging,5683,1
disdained,5684,1
grazier,5685,1
fearfully,5686,1
particularize,5687,1
rock,5688,1
exquisitely,5689,1
complained,5690,1
reflected,5691,1
unobserved,5692,1
yestermorn,5693,1
chances,5694,1
adieus,5695,1
translate,5696,1
flight,5697,1
conflicts,5698,1
exemplify,5699,1
catalogue,5700,1
gracefully,5701,1
reluctantly,5702,1
loitering,5703,1
governance,5704,1
mischance,5705,1
mackenzie,5706,1
struggling,5707,1
spirited,5708,1
remorse,5709,1
unnecessarily,5710,1
yield,5711,1
baronight,5712,1
silver,5713,1
coarseness,5714,1
oblige,5715,1
colonnade,5716,1
granting,5717,1
amount,5718,1
boasting,5719,1
plods,5720,1
unproductively,5721,1
unpolished,5722,1
widowhood,5723,1
reasonably,5724,1
speculate,5725,1
meditating,5726,1
western,5727,1
struggles,5728,1
springing,5729,1
lightness,5730,1
morley,5731,1
hinting,5732,1
hurt,5733,1
bank,5734,1
unanswered,5735,1
corrective,5736,1
shilling,5737,1
ailments,5738,1
odious,5739,1
won,5740,1
renewal,5741,1
concealing,5742,1
enemy,5743,1
gale,5744,1
n,5745,1
strip,5746,1
bustling,5747,1
pleasantest,5748,1
attaining,5749,1
severed,5750,1
chick,5751,1
edify,5752,1
orchards,5753,1
mainly,5754,1
investigated,5755,1
parliaments,5756,1
prevail,5757,1
circumventing,5758,1
seclusion,5759,1
promoted,5760,1
pear,5761,1
trembled,5762,1
richness,5763,1
guarded,5764,1
smother,5765,1
scolding,5766,1
bores,5767,1
hunt,5768,1
persuading,5769,1
diffused,5770,1
terror,5771,1
frames,5772,1
shaped,5773,1
observance,5774,1
carpentered,5775,1
component,5776,1
declarations,5777,1
